"","1,2-propanediol","1,5-anhydroglucitol (1,5-AG)","1-arachidonoylglycerophosphocholine*","1-arachidonoylglycerophosphoethanolamine*","1-arachidonoylglycerophosphoinositol*","1-eicosatrienoylglycerophosphocholine*","1-heptadecanoylglycerophosphocholine","1-linoleoylglycerol (1-monolinolein)","1-linoleoylglycerophosphocholine","1-linoleoylglycerophosphoethanolamine*","1-myristoylglycerophosphocholine","1-octadecanol","1-oleoylglycerol (1-monoolein)","1-oleoylglycerophosphocholine","1-oleoylglycerophosphoethanolamine","1-palmitoleoylglycerophosphocholine*","1-palmitoylglycerol (1-monopalmitin)","1-palmitoylglycerophosphocholine","1-palmitoylglycerophosphoethanolamine","1-palmitoylglycerophosphoinositol*","1-palmitoylplasmenylethanolamine*","1-stearoylglycerol (1-monostearin)","1-stearoylglycerophosphocholine","1-stearoylglycerophosphoethanolamine","1-stearoylglycerophosphoinositol","10-heptadecenoate (17:1n7)","10-nonadecenoate (19:1n9)","13-HODE + 9-HODE","13-methylmyristic acid","15-methylpalmitate (isobar with 2-methylpalmitate)","2'-deoxyinosine","2-aminoadipate","2-aminobutyrate","2-arachidonoylglycerophosphocholine*","2-arachidonoylglycerophosphoethanolamine*","2-arachidonoylglycerophosphoinositol*","2-docosahexaenoylglycerophosphoethanolamine*","2-ethylhexanoate","2-hydroxybutyrate (AHB)","2-hydroxyglutarate","2-hydroxypalmitate","2-hydroxystearate","2-linoleoylglycerophosphocholine*","2-linoleoylglycerophosphoethanolamine*","2-methylbutyroylcarnitine","2-methylmalonyl carnitine","2-myristoylglycerophosphocholine*","2-oleoylglycerophosphocholine*","2-oleoylglycerophosphoethanolamine*","2-oleoylglycerophosphoinositol*","2-palmitoleoylglycerophosphocholine*","2-palmitoylglycerophosphocholine*","2-palmitoylglycerophosphoethanolamine*","2-stearoylglycerophosphocholine*","3-(4-hydroxyphenyl)lactate","3-aminoisobutyrate","3-carboxy-4-methyl-5-propyl-2-furanpropanoate (CMPF)","3-dehydrocarnitine*","3-hydroxybutyrate (BHBA)","3-indoxyl sulfate","3-methyl-2-oxovalerate","3-methylhistidine","3-phosphoglycerate (isobar with 2-phosphoglycerate)","4-acetamidobutanoate","4-androsten-3beta,17beta-diol disulfate 1*","4-hydroxybutyrate (GHB)","4-hydroxyphenylpyruvate","4-methyl-2-oxopentanoate","4-nitrophenol","5,6-dihydrouracil","5-methyltetrahydrofolate (5MeTHF)","5-methylthioadenosine (MTA)","5-oxoproline","6'-sialyllactose","6-phosphogluconate","7-alpha-hydroxy-3-oxo-4-cholestenoate (7-Hoca)","Ac-Ser-Asp-Lys-Pro-OH","acetylcarnitine","adenine","adenosine","adenosine 2'-monophosphate (2'-AMP)","adenosine 3'-monophosphate (3'-AMP)","adenosine 5'-diphosphate (ADP)","adenosine 5'-monophosphate (AMP)","adenylosuccinate","adrenate (22:4n6)","agmatine","alanine","alanylleucine","alanylphenylalanine","alpha-hydroxyisovalerate","alpha-tocopherol","androsterone sulfate","anserine","arabitol","arachidonate (20:4n6)","arginine","ascorbate (Vitamin C)","asparagine","aspartate","aspartylleucine","aspartylphenylalanine","assymetric dimethylarginine (ADMA)","azelate (nonanedioate)","benzoate","beta-alanine","beta-hydroxyisovalerate","betaine","butyrylcarnitine","C-glycosyltryptophan*","caprate (10:0)","caproate (6:0)","caprylate (8:0)","carnitine","catechol sulfate","chiro-inositol","cholate","cholesterol","choline","choline phosphate","cis-urocanate","cis-vaccenate (18:1n7)","citrate","citrulline","coenzyme A","creatine","creatinine","cystathionine","cysteine","cysteine-glutathione disulfide","cytidine","cytidine 5'-diphosphocholine","cytidine 5'-monophosphate (5'-CMP)","cytidine-5'-diphosphoethanolamine","dehydroisoandrosterone sulfate (DHEA-S)","deoxycarnitine","deoxycholate","dihomo-linoleate (20:2n6)","dihomo-linolenate (20:3n3 or n6)","dihydrocholesterol","docosadienoate (22:2n6)","docosahexaenoate (DHA; 22:6n3)","docosapentaenoate (n3 DPA; 22:5n3)","docosapentaenoate (n6 DPA; 22:5n6)","docosatrienoate (22:3n3)","eicosapentaenoate (EPA; 20:5n3)","eicosenoate (20:1n9 or 11)","ergothioneine","erythritol","erythronate*","ethanolamine","flavin adenine dinucleotide (FAD)","fructose","fructose-6-phosphate","fucose","fumarate","gamma-aminobutyrate (GABA)","gamma-glutamylglutamate","gamma-glutamylglutamine","gamma-glutamylisoleucine*","gamma-glutamylleucine","gamma-glutamylmethionine","gamma-glutamylphenylalanine","gamma-glutamyltyrosine","gamma-glutamylvaline","gamma-tocopherol","gluconate","glucose","glucose-6-phosphate (G6P)","glutamate","glutamate, gamma-methyl ester","glutamine","glutarate (pentanedioate)","glutaroyl carnitine","glutathione, oxidized (GSSG)","glutathione, reduced (GSH)","glycerate","glycerol","glycerol 2-phosphate","glycerol 3-phosphate (G3P)","glycerophosphoethanolamine","glycerophosphorylcholine (GPC)","glycine","glycochenodeoxycholate","glycolate (hydroxyacetate)","glycolithocholate sulfate*","glycylglycine","glycylisoleucine","glycylleucine","glycylphenylalanine","glycylproline","glycylvaline","guanine","guanosine","guanosine 5'- monophosphate (5'-GMP)","heme*","heptaethylene glycol","heptanoate (7:0)","hexaethylene glycol","hexanoylcarnitine","hippurate","histamine","histidine","hydroxyisovaleroyl carnitine","hypotaurine","hypoxanthine","inosine","inosine 5'-monophosphate (IMP)","inositol 1-phosphate (I1P)","Isobar: fructose 1,6-diphosphate, glucose 1,6-diphosphate, myo-inositol 1,4 or 1,3-diphosphate","Isobar: ribulose 5-phosphate, xylulose 5-phosphate","Isobar: UDP-acetylglucosamine, UDP-acetylgalactosamine","isobutyrylcarnitine","isoleucine","isoleucylalanine","isoleucylglutamate","isoleucylglutamine","isoleucylserine","isovalerylcarnitine","kynurenine","lactate","laurate (12:0)","leucine","leucylalanine","leucylglutamate","leucylglycine","leucylserine","lidocaine","linoleate (18:2n6)","linolenate [alpha or gamma; (18:3n3 or 6)]","lysine","malate","malonylcarnitine","maltopentaose","maltose","maltotetraose","maltotriose","mannitol","mannose","mannose-6-phosphate","margarate (17:0)","mead acid (20:3n9)","methionine","methyl-alpha-glucopyranoside","methylphosphate","myo-inositol","myristate (14:0)","myristoleate (14:1n5)","N-acetyl-aspartyl-glutamate (NAAG)","N-acetylalanine","N-acetylaspartate (NAA)","N-acetylglucosamine 6-phosphate","N-acetylglycine","N-acetylmethionine","N-acetylneuraminate","N-acetylornithine","N-acetylserine","N-acetylthreonine","N-formylmethionine","N1-methyladenosine","N1-methylguanosine","N6-acetyllysine","nicotinamide","nicotinamide adenine dinucleotide (NAD+)","nicotinamide adenine dinucleotide reduced (NADH)","nicotinamide ribonucleotide (NMN)","nonadecanoate (19:0)","oleate (18:1n9)","oleoylcarnitine","ophthalmate","ornithine","p-cresol sulfate","palmitate (16:0)","palmitoleate (16:1n7)","palmitoyl sphingomyelin","palmitoylcarnitine","pantothenate","paraxanthine","pelargonate (9:0)","pentadecanoate (15:0)","pentaethylene glycol","phenol sulfate","phenylacetylglutamine","phenylalanine","phenylalanylserine","phenyllactate (PLA)","phosphate","phosphoethanolamine","phytosphingosine","pipecolate","piperine","pregn steroid monosulfate*","pro-hydroxy-pro","proline","propionylcarnitine","pseudouridine","putrescine","pyroglutamine*","quebrachitol","ribitol","ribose","ribulose","S-adenosylhomocysteine (SAH)","S-methylcysteine","scyllo-inositol","sedoheptulose-7-phosphate","serine","serylleucine","serylphenyalanine","sorbitol","spermidine","sphinganine","sphingosine","stachydrine","stearate (18:0)","stearidonate (18:4n3)","stearoyl sphingomyelin","stearoylcarnitine","succinate","succinylcarnitine","taurine","tetraethylene glycol","theobromine","threonate","threonine","threonylleucine","threonylphenylalanine","thymine","tiglyl carnitine","triethyleneglycol","tryptophan","tryptophan betaine ","tyrosine","UDP-glucose (isobar with UDP-galactose)","UDP-glucuronate","undecanedioate","uracil","urate","urea","uridine","uridine monophosphate (5' or 3')","valerylcarnitine","valine","valylasparagine","valylglycine","valylserine","valylvaline","xanthine","xanthosine","xylitol","xylulose"
"TCGA.B6.A0I1",18046430,232002,346024.9,59088.9,80478.6000000001,392027.8,68103.9,61342,450317.9,16921.1,283750.6,659083,52146,1746119.9,91226.7999999999,337814.7,264454,5277637.5,76612.0999999999,31761.2,356746.6,134843.1,1953784.4,208716.2,136516.4,215286.6,115580.3,23829.3,344009.5,456902.8,7763,84522,1618840.8,1038090.3,41343.8,20907.6,219092.2,288803,1417355.9,2646129.3,117996.4,29312.7,390851.4,10206.1,224385,26450.3,97748.0000000001,1080845.5,14811.1,14421.5,377364.3,966190.6,8904.3,132358.1,95586.9,590007,23051.1,568616.900000001,878821.5,48192,15675.2,30999.7,61863.8,30425.4,5450.7,35949,3652.61991984507,17120.7,15147.1,65111,13544.5,255976.4,203157.5,198415.6,107133.3,68119.4,18359.5,3809507.8,50456.3,585850.6,49398.3,103654.1,193354,5752429.49999999,83464.1999999999,1406277.8,185809,105693688,25315.8,20275.1320325447,132171.2,714173.8,4115.16645472136,9398.2,54519.7,5564875.00000001,1192962,3506474.8,93369.1000000001,3242156.3,22125.4,20323.5101999602,133829.3,3213.1,2546636.5,1945222.1,4907.1,632660.600000001,667997.6,186255.9,100619.8,7231.8,37858,3319592.3,19526.7,177142.6,9198.3,17004168,2099205.8,14538191,4381.5,1177874.6,2681878,89006.7000000001,11670.5,9127363.00000001,262221.2,150051,4698023.50000001,1169984.4,159138,727166.3,288090.4,232236.5,3314.29331026289,307303.3,47747.6143306673,901568.5,1671740.4,32914.3727946716,139579.9,449311.3,539532.4,228810.4,75605.7999999999,462142.7,669186.9,236460.6,289839.3,402108.8,2022923,43213.2,768319.000000001,315933,171942,1289925.5,556290.1,196760.4,85354.9,28672,68189.2000000001,25614.6,31659.1,22327.9,35907.4,105532.4,387730,9183670.00000001,1999557.1,72635736.0000001,1125497.4,330665.4,15738.2471030163,16896.6068210852,4218245.5,1973318.1,211454.4,16193142,1323455.5,26818986,103639.870818899,17284104,46863792,27103,139233,5244.0711021393,12610,12144.8,55893,6021.00111192975,32909,18775.5,340644.4,273332.9,763067.8,4342677.5,479727.3,10957.9,547486,88129.6,134360.1,28250.7,106553.3,117054.7,923900.999999999,381064.8,1106925.1,214110.3,1294278,292876.9,480340.6,642759.9,283590.9,4076134.3,18705.5,7522.9,25872.8,20889,6817079.99999999,475479.1,376989664,714202.9,6951198.5,35916.7,14251.8,27806.1,9019.45261109066,88981.7000000001,4328979,385648.5,399693.6,3722476,27109.3,20078.7,1655048.9,258525.7,2886897.5,78525,979138.300000001,225851,266812.4,915462.1,1155571.6,70526.5,5466386.5,160329152,1622562.5,177112.2,87304.1,35554.5,154222.3,34099.9,108068.579644698,88526.0000000001,843208.3,47858.6,46276.4,29261.9,13866.2,46360.5,19944.0374822479,64388.7,1276518.9,957240,159181.5,6872.7,30156.6,3410145.5,1879483.3,120094.5,302561,414968.9,12434840,2792536.3,8140132.5,1616327.1,1024437.3,75910.9999999999,168440.9,397327.1,461432.9,130043.3,51822.4,4633472,4253.2,11194.3,472882304,302601.1,67366.9966508998,131380.5,21227.8,5291.65293116999,89403.2999999999,4843223.5,408790.5,55916.8,343904,203750.1,186097.517179067,155798,75592.9999999999,36985,36853.8,67704.8999999999,7461932.99999999,8261,9115211.99999999,29621.1,39808.4,153541,120435.7,207799,798338.3,2267677.3,8226713.00000001,27311.6,469992,649106.6,765513.799999999,266596.6,119498,328410,41355.3,1079427.5,5122571.5,43825.4,25512.9,68749.2000000001,38843.4,342306.2,1596115.1,122614.5,2547910.8,201451.8,79179.3999999999,2875.1,2430310,244038.8,7130854.5,418488.6,433659,35116.8788635668,3846229,5517.1,9582.49999999999,6815.3,3284,62866,3902.9,33506.4,28908.7672677599
"TCGA.B6.A0IB",5382620,1917124.5,159825.6,69171.0999999999,129020.1,96956.8,73405.0999999999,111591.8,388900.9,74842.2,98321.5000000001,192132,90858.8,1655797.9,361788,158664.9,259372.6,2775108.5,128715.1,39696.6,440804.3,76757.0000000001,1871200.3,322071.3,147304.1,341316.7,642795.6,62718.1,250834.4,260364.6,4347.5,150178.7,3072323,111014.3,46580.9,19993.2,88967.7624192653,116504,898309.799999999,1234617.8,958290.6,95944.3,299845,39338.7,168772.7,52924.1,32037.5,515665.3,69782.9,24707.1,98370.7405728514,281066.1,13235.2593037257,80625.6,86443.4,157078,8584.59999999999,258495.9,1360673.1,15077.4,4285.5,9885,45855.8,17551.9,5070.3,18417,5561.9,4217.9,7328,241816.1,5224.1,137779,650208,49247,166002,35267.8,97292.6999999999,2327342.5,79159.7999999999,1529203.6,58943.8,106237.1,51545.9,1331213.5,2524.3,3473896,156622,78625552,112013.6,37176,100655.7,235767.4,6097.5,11093.5,64217,9181796.99999999,1137569.5,33093476,670105.3,21731258,118159,49553.2,74998.9,5041.6,823617.1,133060.8,4216.5,890950.800000001,2013095.9,744908.7,42308.8,4621.4,20808.1389426998,3762325.5,36439,26648,16153.9,7096512.49999999,2918306.5,5895970.5,7621.7,1265389.1,566715.3,221850.5,12676.7,8536871,261518.3,97426,10702265,1884192.5,68266.6,864565.500000001,90663.6,200303.1,5315.99287938024,180781.3,15416,4695524,5429313,65789.0000000001,686749.8,689930.599999999,928237.2,385995.3,201777.3,376661.3,5479440.00000001,368152.7,225870.1,987245,3341798.3,32335.9,836400.900000001,84861,140138.8,1291555,59603,116572.8,99122.4000000001,24637.1,118617.5,20836.6,40556.4,24072.5,43285.6,72313.1999999999,616803,11492473,1048502.5,111574344,3654860.8,4015875.8,21526.9,60728.8,1216856.9,1483685.8,789961.9,24076300,144376.4,4466516.5,117844,4120302.3,106477816,5724.1,92257.6000000001,3213.3,21353,37605.9,308460.7,9369.8,25447.4,34539.4,607535.1,668728.4,293547.2,42108.1,331185.5,4808.63239818233,322798.8,139487,93284.7000000001,823609.5,146099.4,69779.7000000001,576334.4,534209.1,1969121.6,66626.5,542455,53030.6,184546.6,312101.9,100466.9,6084544,41287.6,41570.6,59157.6,57789.9,241707,142087.8,460188256,343812.2,11004616,51028.6,57724.3,39682.4,15829.8,129625,9657668,359243.2,502332.1,1623636.8,38039.1,10246.3,860156.800000001,110849.3,924743.900000001,523319.1,1190940.3,89889,489719.7,1157691.8,1881366.1,770447,18040130,100053584,1326822.9,83499.3999999999,62207.7,41258.8,145392.2,72868.5,295847.5,120838,664984.899999999,34523.3,62777.4,53252.8,14243.1,52706.7,20602.8,126971.9,948909.900000001,1167424.6,139291.6,84875.3,126071.3,3226776.8,1924051.3,93053.1999999999,218030.5,264583.5,12091997,2455301.8,3149655.5,2324391,294621.4,198146.9,68180.6,355237.2,239676.7,21941.3,30611.8,8523703.99999999,14969.3,14404.9,173463792,500596.6,73388.8,61818.3936075567,69179.8999999999,3395,244644.5,6164720.5,187663.2,46571.3,175872.8,99447.6,116061.95842083,215293.6,201842.5,27541,133605.3,142866.6,2319262.5,6605,36084944,113699,70730.7000000001,375890.1,111902.9,93214,319270.1,68503,13164798,13031.8,35424,2199864.5,430238.2,94264.0999999999,278719,300441.7,145371.4,318270,11732854,77708.0999999999,40015.1,32302.3376795017,47072.4,282086.7,2926778.5,432023,3791804.8,58906.8,72400.5,2469.2,2502700,287479.2,3416628.3,559671.7,131489.1,36091.3,5177712.5,7993.3,18314.9,19492.8,8990.5,43144.6,6285.7,86607.3999999999,6300
"TCGA.B6.A0IH",9951172,266922.6,372714.4,38023.4,33518.2,110052.6,84227.8999999999,62739.6,814170.1,38008.9,61046.2,83967.9999999999,25126.2350573005,1305687.6,69305.8999999999,151198,66751,3323181.3,42098.4,22777.1,131710.1,62378,2143646.5,120649.8,99883.8,242773.3,136888.6,31653.2,361422.4,300976.7,2377.39127196251,174079.4,1594949.8,262969.7,21995.4,5284.3,110201.6,132461,1435726,1145239.3,1325462.9,487487.7,304707.7,15395.8,34080.9,19980.6,40464.9029337007,282339.4,12883.8,15855.9764909791,31664.8801909777,457597.9,5647.9,156757.5,39679.8,177645.520543187,75330.3000000001,243769.5,1448759.4,61209.2,6987.6,30977.7,34805.9,36344.8,4740.6,19256,2274.43590658642,9315.4,4907,370995.8,3430.0896748595,56600.3,249164.4,19195.7696275856,15711.8,55411.3,33706.4,1885547.1,25803.4,2082988.6,26085.4386379911,10077.9,15315.4725635477,813839.300000001,2363.78511529163,2059502.9,61719,82582512,20031.1,20038.4201920173,213163,63018.3,5091.3,8005.89982284494,82630.2000000001,5667334.5,1112467.3,16914942,308158.7,13067253,38179.4077402026,19296.0703171146,105409.9,5354.3,751851,184320,4150,776837.8,398641,161174.3,82344.1999999999,7802,12717.8,1603141.5,27567.5,50289.9087948024,103596.8,4995072,2607177.8,1895933.1,4667.3,395460,3087524.3,77815.8999999999,2411.52106694955,3317904.5,301376.9,60024,827480.300000001,993854.300000001,81512.8000000001,154246.3,55771.6,72974.3999999999,3429.5,94609.8999999999,1072793.4,1050149,1407967.1,29749.9854184885,83668,678637.9,702508.999999999,257540.6,47988.1,285287.4,811621.2,173504.2,179864.6,236081.4,3670068.5,8968.1,529411,208236,76413.9999999999,659389.1,32894.5,60173.7,29175.8,15000.5,71082.3000000001,25307.6,20789.2,18681.2,29389.4,24885.947764231,190088,41693448,758228.9,46200568,1513402.6,2000950.3,15310,49736.2,2199225.5,82986.5,222818,16028937,87692,4170272.5,58937.3411886774,4007665.8,29027062,59062.8,101046.9,6671.2,18463.0275666046,19099.3982213588,48681.2,5254.74104715192,22106.2535093614,15867.3,349222.2,461133.699999999,31131.6,192355.4,190987.4,5337.2,169385.8,141328.9,173388.1,768536.700000001,132565.4,31820.7,289216.2,281930.5,1567828,28273.3,139336.1,9870.10000000001,89997,76010.7,31871.1,4089514.8,20698.0818028767,10387.903960359,13592.2,19765.4,25392,228377.8,289355232,682709.600000001,7662846,18642.2777973926,13932.3,9237.9,7891.43125371037,102615.6,9265601.99999999,504171.299999999,423485.5,690101.900000001,15241.8,6804.6,281401.5,88056.8999999999,461246,100615.9,1716070.3,66167,489935.1,112003.1,1189125.3,30491.9,9482331,141245104,2173369,127070.5,36896.8274671926,15000.1,78170.1,34448.7,80477,31171.1,294248,35995.8,49998.4,19885.8,6770.3,45907.3,18542.2,66536.9999999999,640983.600000001,25123.6,14928.4,22675.7634172563,69295.6,1735260,3493914,300890.1,301054,905750.600000001,17860528,3148119.8,2330837.5,4303644,333957.1,237674.4,90490.6999999999,477826.1,168356.3,24344.2,112963.7,6401312.5,3209.04927546186,10313.3083958357,215191696,358307.7,73726.9000000001,66090.8999999999,110786.2,4707.49887168584,233153.6,3776756.3,179150.7,56363.3,84021,123635.5,209296.4,100744.9,117594.4,13042,85774.9,118914,1906934.8,11833.8738076805,13511706,20387.6,34654.3,165103,86358.5999999999,104306.5,240125,42501,11719421,8238.3,216314.3,1570143.9,311066.7,46430,294490.8,168996,212529.2,333457.6,5497726.5,20878.2,17315.2253162799,9696.00000000001,16237,173935.5,2244668.3,45836.3,3052923.5,11756.7,3992.2,2263.2,927634.300000001,406620.4,9661884.99999999,448425.7,31586.1,9633.7,4982306.5,4117.9521009496,3880.54944643771,5226.1,3490.7,54465.9,12847.3,31550.5,10563
"TCGA.B6.A0IM",7097220,769570.900000001,152558.1,26829.8,83752.7,150212,186559.5,40553.2,722627.200000001,41793.7,157336.4,720627.499999999,45262,1684285.4,286247.9,242617,111257,2585749.5,96189.7999999999,17598.2,235238.3,72831.8,2872626,414832.5,113177.9,353964.2,467041.299999999,23247.6,281484,230061.9,5192,77462.9999999999,1923588.4,115482.6,16068.3,11329.5,98502.4314872857,426273,536689.9,1693099,354196.1,86379.0000000001,444972.5,13289.1,396691,29065.604759368,31320.1542914811,288189.6,37060.6,21073,86817.8639721946,269845.8,14864.1,173538.7,118340.3,81542.9999999999,43378.2,173878.2,1967009.8,28196.6,4376.77151731223,16790.0911952926,35236.2,69478,2655.2,62772.9,2559.1,7088.07664158195,11523.4,137539,7788.6,166294.2,231087.9,159978.7,90003.5,24709.3,22596,3746871.3,93127.4000000001,2314024.5,46139.9,51723.9,156976.2,2979588.5,13209.3,1820936.9,74895,50206499.9999999,32656.8,26055,140781.18537366,2667114.3,4102.5,8005.89982284494,49976.7355116481,5424601.50000001,1043921.8,18467254,157060.6,27268952,17477.1,20494.6332412809,70646.2999999999,5969.1,3891643.5,118220.1,6361.7,820061.100000001,1272338.5,436745.5,110325,10326.3,19771.3,2124490.8,12345.5,146398.7,5105.8,10348248,2798348,4105583.3,5952.3,1362244.3,564263.500000001,221722.1,78257.6999999999,6210343,126726.6,57557,1203235.6,288363.5,60365.5,188634.5,132702.2,107859.4,3101.47289149171,109571,6406,3576023.3,3044175.5,76282.0000000001,282827.1,1314950.1,945120.1,190811.6,116686.4,530334.1,2874126.3,158919.3,85207,223730,7108420,46526.1,387130,115237,70459,1232192.8,55720,102158.9,128893.2,14462.4689074404,40642.4,19327,31504.7257727675,16560.8235033611,18303.4,987721.7,258235,1171318.3,688000.100000001,63605175.9999999,2578126.3,3405123,37375,34650,5076848.5,6817792.00000001,175189.7,13342743,485014.3,12255762,73524.4520032783,13534818,39477772,8216.5,126880.4,2412.4,24230.4,12639,135464.1,6447.85380346329,28521.2,24424.732455909,1234781.3,733513.5,357245,319003.1,497797.7,8439.8,556493.3,134379.9,108508.5,209724.1,118595.6,32522.8,1184050,535037.9,1151951.5,78976.4,475210.000000001,83161.3999999999,243950.3,159435.4,711805.299999999,3809368,26814.3,13448.1,14035.1,33968,1018446.6,431399.3,270642048,825136.899999999,6238583.5,19607.6,13507.7,31855.1,9307.2,327967.3,8637600,406706,323789.2,1864890.1,15311.8,7342.3,632539.900000001,79107.3000000001,519976.999999999,217002.736194934,272493,73582.9999999999,470847.3,590391.676831672,1239796.6,172763.2,27321212,69338431.9999999,1728962,188264.3,987656.300000001,27256.8,983648.1,32476,108068.579644698,72717.9999999999,182447,57519.5,76370.4,40859,13919,38520.6,13274.7,46469.4,689883.200000001,1882308.6,306090.9,53555.3,167802.4,3548073.5,4015669.8,545545.800000001,231277.8,234228,12687236,2718035.5,8284423,2080031.8,285804.4,15460.5,122411.4,394077,447174.3,109859.9,29939.9,5289113,6440.3,10313.3083958357,412332544,575174.300000001,280628,19767.4,36201,3346.8,279690.1,3432622,311526,34439.8,311020.4,156018.6,290047.5,91938.9999999999,168709.1,18074,98996.9,94509.0999999999,7802911.99999999,13077,16288727,31359.1,25741.2,103196.8,101228,179983,796691.800000001,1107391.6,11933470,12900.8,341523,1584363.6,215159,16113.8,429133.6,395287.3,219117.6,203485,7950265.5,33542.2,94969.5000000001,24039.1293510982,53817.2,378120.9,2145369,87523.5999999999,3001831.8,96681.5,95858.3,2814.3,1410659.5,153423.3,2890524,503525.8,150628.4,34293.4,3387162.5,3678.1,6464.3,8261.8,5286.7,29812,14017,70707.7000000001,11157
"TCGA.B6.A0IN",1913781.4,1447991.5,75800.4,74813.3999999999,71643.4999999999,122970.3,35677.3,16638,319226.8,79862,378109.5,381454.3,47439.6,2438062.3,1097699.1,399217.4,204640.5,4384411.5,390356.5,121843.1,1500606.5,74503,1869507.5,1236747.5,486186.099999999,336316.2,280632.8,58396.8,327900,554050.9,7094.9,104501.1,4212484,101301.6,55809.6,24865.4,112611,98255.0000000001,804059.800000001,251050.1,144081.3,36240,221184.7,43489.9,104481.1,35932.7,56388.9,479865.8,125680.9,73946.6,134667.4,308832.2,24872.2,127699.8,45430.9,2601272.8,5604.60796816778,486380.7,679212.7,17332.9,4036.90566446165,32403.7,77394.6,21176.9,9538.3,17070,3917,6671.1,5650.2,166416.8,4792.5,320269.7,978693.699999999,151897.5,121133.2,11933,40314.9,4803502,97565.4999999999,1514397.9,88014,137565.4,57960.5,4169075,17988.7,2057632.1,404546.8,135180096,150932.8,48922.7,133186.361785251,289650.3,13475.2,5178.3,213216.3,9289445,1195149.4,17132482,1768218.9,70417128,91652.8,30526.7,124969.5,7559.1,538103.3,320258.2,5535.88191199716,436415.8,7944379,264659.9,35361.7,6327.2,15584.1,3357437,39657.1,78560,5583.78652513287,10982003,2172288.8,1498644.4,3501.5,1625673.5,1092671.6,357764.2,7101.6,7901132.49999999,170441.3,107750,9149420.00000001,2933929.8,27465.3,710552.600000001,229390.5,167502.3,20215.5,154778.2,18835.9,2966465,5168128.49999999,56107.3,226651.5,627944.400000001,979774.100000001,274806.4,142460,728599.6,2909888.3,1019218.1,218616.8,532530,3905140.5,51231.4,1008635,130792,660587.900000001,1712100.4,24784,275851.3,841073.7,34801.9,196344.4,82042,101126.2,59809.2,71939.2,51726,967804.800000001,8214732,631479.3,128586424,4429095,6261175,17940.1707533187,18592.8013058976,2664297.5,1764521.6,758563.6,24465188,741142.9,10991369,1794516.4,8470350,174533936,6482.5,76056.0000000001,4108.5,42465,26386.1,266094.9,9831.7,30284.8,32471.1,866326.500000001,667685.800000001,634299.8,101749.9,154109.3,3259.27884927518,167183.8,691685.4,129669,478657.400000001,243479.9,116045.5,2576683.3,737390.499999999,1779913.8,84979.6999999999,616641.1,28922.8,216604.5,647735.4,399854.1,6472834.00000001,43691.3,23381.6,51598.9,67082.1999999999,120016,135352.2,528871744,352018.3,13143973,43944.9,40967.1,67644.9,15531.124867649,386434.7,8743736.00000001,512755.1,566809.4,2326725,31341.4,21016.6,7654500.99999999,177637.6,4480762.5,195200,676170.000000001,127069,386106,1663157.5,1909801,850630.4,16699212,56674576,1863787.8,98850.8,1791832.9,25189.3,4116582.3,50770.2,177127.3,156556.6,5218741.5,159968.7,62026.5,34806.3,18100.3,56633.7,23932.2,78946.4,1046538.4,1404885.4,19761.8,31869.9,41336.4,3882631.8,347751.5,410354.9,594073.900000001,246155.8,17767246,3867459,11735648,463840.800000001,426432.4,104650,53905.6,447502.3,168551,23524.2,24752.3,11561557,14865.1,10313.3083958357,276500000,362939.6,37382.8,103941.3,103442.7,4209.6,89743.7000000001,5654501.00000001,1429437.6,29873.7,1112084.6,118685.4,405174.6,193283.7,2004535.3,114962,168201.2,505012.700000001,5945553,11333.8089215566,42760856,151054,219155.3,357020.2,187448.5,150197.4,507566.700000001,640826.9,14008186,20204.3,48951,149267.9,249023,44952.8,422370.5,197444.9,80881.5,1586850.1,18188734,92610.4,124751.2,48360.7,32767.6,221084.6,4951256,316062.3,5763967.5,109464.5,101991.8,2589.1,3344275,183972.5,7515523.99999999,625219.3,279929.5,63868.2,7094334,7314.2,37639.7,20198.8,20960.2,23198.4,4884.5,431002.8,12198
"TCGA.B6.A0IP",24336360,1348134.3,129616.1,52969.1,53340.5,134960.3,25939.2,31621.5,289862,27463.2,115116.5,309015.4,36296,772341.100000001,175155.8,84976.9999999999,128043,1489810,61774.6,28110.3,173744.8,93913.9000000001,1252635.6,161712.6,160850.3,188892.2,167937.5,47437.2,363832.5,318633.6,1883.3,199770.3,3981363,202282,30020,7578.1,123078.9,181890,2334212.8,87779.3000000001,535378.4,72638.5,184081.3,15115.3,75614.7,28599,32338.9228553724,197383.1,27960.8,16784.255145308,50502.447224828,242707,7826,82986.3,44839.7,204976,7678.11662709197,613977.000000001,2679931.3,14621.7,2455.03748148212,9698,29789.7,23473.2,4931.8,28804.8,4158,3444.4,6439.4,198994.556923544,3974.2,23848.4,826001.3,36244.5096127225,48502.8,29916.7,31679.5,7526671,41133.1,1610803.6,27912.1,76458.4,34372.9,2653212,4758.9,1644269.1,110119,81456296,31326.7,17349.2,143070.410991633,249239.2,11681.8,3813.6,60584,6163954.99999999,1293354.4,25730162,481116.7,27349450,37168.4,19114.4,97922.1,4928.4,963644,210568.5,5088.9,2943137.5,843407.9,222493.3,77882.4,6267.1,25512.4535237078,3068281.8,15807,44014.3467611161,5587.6,7242645,2318835,2348628.3,2819.5,818345.1,3936821.3,165400.8,4053.56553470314,3207894.5,186891.2,150046.314784342,2418324.5,627419.9,95331.2000000001,104982.1,186360.5,98758.3000000001,5005.7,287485,10906.5,1814265.3,3168057,66254.0000000001,189428.3,795055.400000001,556834.9,616404.700000001,149619.6,313724,2522422.3,905196.300000001,180069.3,501020.200000001,5031702,22738.7,3079390,253481,65327,892920.300000001,46892,334021.1,219881.9,25998.4,123626,24723.8,55196.8,32665,51850.2,51161.9,248066,79149816,1924711.1,106250152,2321388.8,2885797.5,16160.2,21836,90850.2000000001,46669.6,242227.3,14755784,212518.7,9089157.99999999,68058,3025084.5,67216736,5163.3,407738.7,9301.5,44131,22581.4,66604.1,3496.6,20793,12641.1,569478.9,578380.899999999,280371.7,125746,447355,6949,537558.1,415655.5,194037.9,884020.5,116972.3,117841.7,507838,378795.3,1315200.4,275951,312579,30585,222380.2,407637,81917.9000000001,4472868,20080,12204.7,21174.7,38211.5,59272.3,138215,225546208,676847.799999999,9467719,23353.3,21946.8,29866.1,4035.6,55530.3,7575055.5,432321.2,373779.3,1352490,104839,13311.1,994969.400000001,184320.7,1445433.6,417691.4,3649026.5,122713,312898.5,362153.902249666,1624573.3,63321.9,12361133,93808311.9999999,1707672.5,149503.7,100681.6,24037.4,174232.8,46487.3,97842.5,105307.9,505185.1,69260.5,57981.9,35315.5,7991.9,49954.9,20584.1048043277,45851,909153.1,60352.8,28131.9,38534.0614831547,64814.3,2888148.3,626451.3,122952.2,422781.7,190404.3,13401547,2365137,7722257.99999999,576162.3,734666.5,69107.7999999999,126009,391786,415483.2,23816.1,21109.7,8423482,3851.7,10313.3083958357,329828832,418467.9,55315.4,146340.2,144925.8,4411.3,140485.2,4930120,608116.2,41297.3,96490.4,89326.2999999999,177280.4,88786.5941851084,208399,33382,79526.6,198884.4,2216509.8,23619.1,28371856,54311.8,40006,338968.1,115796.9,92199.7000000001,356408.6,81698.4999999999,12401163,16164.6,460044.5,233318.2,524335.2,71974.8,310821.8,435982,18847.8,352266,9145418.00000001,23915.6,19018.1798500675,29526.5648158508,20474.1,433216.799999999,2276393.8,275034.6,3989619.5,77416,44262.2,2311.9,1272461.8,388516.2,9114546,579922.3,170572.4,28928.6,4646247,3501.1,7194.5,6282.3,3056.8,51018.4,7273.3,53870.1947339119,39649
"TCGA.B6.A0IQ",4828105.5,2287590.3,273650.5,109297.7,191872,70412.5,20245.700113412,141146.9,285647.6,23531,86023.2999999999,328473.8,134113.5,663804.6,171541.5,227212.9,384412.9,869045.199999999,50555.2,32083.2,182061.6,99635.4,625276.4,211125.5,224633.3,365210.9,314986.5,25871.1,355747.3,320004.9,23777.3,151357.3,4905812.5,388752.4,45640.1,32220.1,122540.9,158142,1778615.1,562131,203849.1,52168.3,152303.4,7273.4,1733840.8,18769,30027.5076227088,203893.5,34933.7,15134.8511131787,100332.8,197586,8407.71145460728,34053,89983.2,713259,5119.26761318027,149939.6,846122.4,13579.3,8236.4,15990.4,11066.3,25631,13577.5,36287.1,27517.3,11646.8,6311,622041.8,6037.8,247378.3,296762.5,74650.6000000001,30543.1,61092,116770.8,4158708.5,38513.6,2214248.8,52905.8,270965.7,61882,3796410.8,27712.9,4994910.5,100125,186342400,70538.7,32591.6,105542,281868,39737.8,25684.9,54049,9659849.99999999,1297614.6,27767202,1051392.4,21410944,68704.4999999999,30374.6,170938.1,3016.9,762486.6,638965.1,9037.5,912059.600000001,1073217.1,295533.7,54864.4,5866.13467407654,19876.8,2481207.3,11929.9,41104.8199023442,11402.7013050186,6384911.99999999,3458248.3,5574122.5,4372.31920478348,1624911,8431909.00000001,110296.3,9222.7,5913954.5,297028.2,404636.5,1902856.8,498051.8,101047,1447390.5,195767,390050.8,47035.2,279894.6,9467.8,4216160,9935626.00000001,31008.6129880859,432464.300000001,472920.5,1264313.4,561403.3,434870.7,522431.1,2354304.8,289186.8,157166,334427.8,17484202,29683.5,1917150.3,2538671.5,208872.291469533,1370699,79586.8000000001,169506.4,136776.3,26862.5,102805.1,40544.1,50168.8,28256.2,42550.4,142207.8,284415,11195686,8673726.99999999,138057904,3578472.5,1881980.1,22516,14074.6,4745252.5,4202908,146153,18577506,340748.1,6892611.5,126734,7057378.5,93928608.0000001,75159.7999999999,328888.9,12552.3,25475.0970494708,28531.9,300849.7,10309.6,28637.2,33923.1,889705.599999999,1000421.5,417844,89920.9,419402.2,3257.2,455414.8,179077.9,113344.3,508704.9,235185.5,140399.2,1990910.1,620152.800000001,2416502.3,135014.2,614279.399999999,204208.2,461660.1,448442.199999999,317657.6,7505888.5,38076.4,10068.6,33302.3,60571.9,437370.7,1023426.1,294468448,496061.4,13089990,48186,29038.9,24496.8,11921.4,723495.6,10730125,1728788.3,521322.1,1992588.4,8079.2,15725.2,1048104.1,217817.5,2033963.5,103848,2383595.5,731341.299999999,386601.1,1150209.1,2497536.8,102259.7,48167316,148378688,1749161.8,139536.9,293508.6,53266.8,400967.7,43033.4,98063.3999999999,165249.4,494437,69498.1,216336.2,71037.7,33153,69709.8,20099.2,127192.6,1140916.3,12365.5,5682.3,23011.8572265996,51710.4,5280094,642590.800000001,272200.5,790218.600000001,106981.9,13950696,4220628.5,7281210.50000001,528905.3,136651.2,29659.3,83998.4,379589.4,370526.9,23491.9,13356.1,11156860,7220.6,12553.8,477451424.000001,504752.5,35685.8,65043.7,184391.9,7466.6,109613.3,6305445.00000001,905073.899999999,39336.1,854279.1,65757.5,89532.4321900162,166848.5,568340.4,95470,129277.9,186379.6,1656692.4,111971.1,41524628,61845.1,45904.8,182859.8,239445.4,60929.3,255517.5,20701.9,12231117,52166.2,244749.5,305456,622585.9,85009.5,271224.4,425294.1,120637,173243,19442212,59080.4,15774.8,83659.0000000001,62681.4,572399.4,2961391.8,288706.2,4828237,71456.3,90557.3000000001,1837.6,3709098.8,277577,6059689.00000001,724194.300000001,182096.2,96386.9,6720243,10065.7,22842.6,12174.1,6518.1,168755.3,5327.2,63736.3,63596
"TCGA.B6.A0RG",7673162.5,2456186,743926.700000001,68664.4999999999,76247.1000000001,412101.2,140110.9,60957.9,1553622.3,52131.6,1126873.3,104754,65259,6199709.99999999,478865.2,1102580.1,267035.1,7677206.49999999,235856.5,28322.2,271897.2,91472.8999999999,7322597.5,587073.400000001,212910.6,277283.6,346957.7,42280.9,309663.1,318224.3,5266.9,182949.6,2119751.3,620190.9,28675.5,13516.4,80835.0000000001,184169,1653578.6,106272.6,709512.5,90569.1999999999,790193.1,26842.3,98428.5000000001,15967.2,104566.3,1473164.1,78369.6000000001,19485,494867.7,912295.5,28146.6,417296.6,119819.2,123461.3,11704.9,227719.4,6615615,15022.3,5639.8,13199.1056292966,81450.1,61543.8,15899.2,29442,15696.6,10824,7559.5,419649.4,8237.3,99423.3999999999,308358.8,58554,46646.2,178300.3,44714.5,2780790.5,58244.7,739671.4,83821.4000000001,68474.4999999999,13275.5,566412.599999999,4202.9,3610325.8,48786,63762628,112542.2,35013.5,190200,83331.3,41169.2,8005.89982284494,72404.9,11617848,1544540.3,16369306,532577.5,14609346,232275.2,95554.8,164399.4,20223.4,690609.400000001,243745.3,5535.88191199716,699818.799999999,2768222.3,876026.799999999,63684.8,6504.4,33744.4,2494568.5,5284.3,40525,7324.4,4363778.5,3455914.3,848650.700000001,3138.3,1992596.8,290851.4,131387.5,6327.9,4814345,243896.5,112048.812317845,2196832.3,762723.2,246076,676737.8,78304.1999999999,228682.8,27980.5,159604.3,5683.7,3772203.3,5536914.99999999,53234,538130.9,1977015.4,647200.999999999,1636973,239273.2,420962,5330286,259600.2,143715.5,648934.4,11254267,24830.1,1364541.5,245583,116200,791276.399999999,104451.6,75733.1,109925.9,42808.7,161008.3,24315.1,41914.1,27116.1,67518.8,120658.930001898,450852.000000001,10159912,1395443.4,69349880.0000001,3469973,4644909.5,7521.1,18048.5446932267,3809123.5,2130341.3,1394080.4,25543178,222688.3,3714293,54362,6040071,80332816,28716.3,91283,3495.1,19407,45449.8,608976.6,11114.2,75431.6000000001,44009.1,864814.7,1024913.8,124499.8,102348.4,330380.5,5680.1,323054.1,308852.6,23290.7,575924.399999999,180695.5,96060.7999999999,582209.8,480561.2,2166455.5,17284.6,659586.9,123255.4,178954.9,226628.2,34692.4,8438222,47697.9,32957,69465.9000000001,91453.8999999999,21567.4,242235.4,435368224,549806.799999999,14928752,43542.2,61304.9,62788.7,53627.8,75278.5,6679183,371527.9,714383.399999999,1538045,37465.4,38015,1720183,279259.4,1798065.6,795362.4,839019.999999999,92413,318323.7,820277.899999999,2444719.8,1050616.1,14376400,107900832,2680677.3,193410.3,116556.5,37339.7,365024.7,94295.2999999999,144236.8,160798.2,442288.1,45036.2,57817,67615.6,19610.9,66885.4,43445.2,97903.8999999999,718108.4,195828.6,68803.5,25318.5,64144.5,3389638,3018827.5,451305.1,743218.6,87823.9,12296996,4568301,3192835.8,2626509.3,286755.1,44407.3,77564.2,360405.7,227870.4,65062.4,9308.4,10921580,22145.4,38003.2,364721344,555598.7,892772.4,61498.3637618442,127805.582670822,7018.3,545549.7,7537538.5,125129.3,41617.1,682164.6,100686.9,126783.4,222822.8,394100.3,38041,132418.2,81695.3,3382936.5,18234,33360680,160948.1,68208.4,115431.3,183304.7,576517.6,1347916.9,80651.5,13743962,16057.1,99329.0000000001,1971090.1,488998.8,66388.83080292,471937.8,189168.9,49721.6,195720,12385377,93544.3,22370.4,5315,42715.9828427478,238829.1,4082988,463107.4,4808812.00000001,11342.3,25484.9,6777,2433929.3,245598.1,3233969.8,567269.2,33559.6,26212.2,7046207,11058.1,31380.5,30178.9,9903.6,142856.7,8049.7,124106.8,11541.9
"TCGA.B6.A0RH",53094088,1760058.1,82612.9,286134.8,263629.7,37537.4,26484.6374554765,252683.8,67632,70904.9000000001,60714.2134708943,956314.1,82562,129519.3,456578.499999999,42220.8841988896,270809,216963,380002.3,171949.4,634015.399999999,183769.7,152915.6,1116493.1,637528.4,404788.2,413198,89191.2999999999,561251.8,849761.3,7843.9,291157.4,4910685.5,62218.5,117038.2,39912.8,33945,133953,1229760.5,262990.6,329907.1,99255.5999999999,65017.5,30760.5,1291518.5,69571.8,13154.4975943339,89759.7000000001,80851.3,23273.7,9279.89533716198,32564.9,40139.9,16996.9796593052,69444.7000000001,702341.8,7399.8,653883.300000001,1286492,16254.5,2354.1,6485,3510.1,22826.1,13031.8,29956,3197.2,3623.7,7421.8,635831.1,4347.5,196874.9,1251428.8,156135.5,15776.5,42265.4,132624.2,2023991.9,51063.5,1868020.4,39797.5,39422.6,77148.9093165151,2211698,11860.1224163817,7237479.5,231302,165694272,62421.6,22269.2,128998,318590,8204.5,8034.3,48572.9,17277570,1282176.4,8239159.00000001,1321509.3,25295176,56662.9,30756.2,102018.6,3491.2,812084.5,391107.2,8665.8,773730,3220260.3,576643.3,61412,9164.59999999999,23513.1414584105,6206862,4208.2,62800.8380968551,5639.3,12269389,5428598.5,2958206.3,3795.9,820476.599999999,2360881.8,71610,6202.15574563528,8319870.5,203330.2,106301,7258841,224505.4,47832.1,1098133.8,148529.5,198827.2,10890.6,282269.3,6459.2,3604305.5,10872109,56550,380676.3,3698178.3,3125157,1867407.9,391231.2,843123.5,3015448,716269.400000001,137688,696463.8,16774160,50233.3,159293,59162,359469.6,1619765.8,90777.0000000001,162834.6,124268.9,86403.9999999999,282779.6,25419,94906.6999999999,44241.2,117374.5,268647.7,290610,459594.4,301710,178282688,1629769.1,3100110.5,14572.446660845,13575.2,177742.711788242,16340.9,138611,30238252,556671.8,12514115,227044,13142266,205625216,18751.1,119610.8,2440.6,23468,27292.7,140518.4,5637.5,57388.2,31331.3,927273.599999999,962731.299999999,570704.3,38784.7,129400.6,6033.9990601942,162174.4,304419.5,12739.8,472375.399999999,184731.7,444383.8,674572,734095.699999999,2647955.3,96258.5000000001,394532.2,7849.5,123031.982020056,388016.4,498469.5,7707374.50000001,42200.3,19383.8,22397.7,51093.8,1009769.3,604797.2,346487392,618988.6,12789489,45842,28428.7,24422.5,11902.8899095557,1613470.6,12651085,674689.3,467228.9,3214237.3,280524.6,5311.13448487312,257103,23439.9,298476,171237,349901,46682,871546.400000001,2601420.4950506,1909970.9,85590.9,26967984,80013264.0000001,2662668,171309.6,84985.8,47446.4,352445.7,67461.9,82600.0000000001,120880,1554043.5,21609.2,76996.9000000001,62434.4,10825.6,50524.7,14665.3,111325.3,1313623.5,718186.799999999,8328.1,30899.4,168173,4401092.5,79550.5999999999,19614.3,231028.5,202822.7,24586786,4140804.8,10029159,72062.9999999999,462440.1,64181.3671173602,102125.8,564190.6,147446.8,142325.5,18492.6,9046815,7194.40010720807,15465.3,501908320,281974.3,28920.4,55480.6,86017.2999999999,5276.44470568141,268267.6,7913652.50000001,490265.8,30001.2,896258.6,61464.7,43035.1994230054,107099,129229.1,5299,102382.5,77476.7000000001,2429632,3464,30348224,55227.6,38755.9,48538.3,322607.2,34814.3677490219,24140.3,266057.3,23264884,23850.1,376634.7,69355.8,989508.4,201350.2,175906.1,220193.6,61701.9,402136,15073732,62491.5,40745,30596.9,114951.5,277038.3,3962135.3,272665.645516424,4995902,78496.3999999999,296980.1,2698.9,7447204.49999999,118876.7,5602568.5,813616.499999999,6686.7,75754.4000000001,6670903.5,5848.12851026322,7555,12853.4112668829,13027.7355912182,56427.9,119973.5,46211.6,7924
"TCGA.B6.A0RM",3224095,2601001.3,134750.3,133502.5,97320.2999999999,77138.8,28206.3990072059,77049.6,597380.1,222732.6,136057.2,350205.5,41920,819805.100000001,583698.6,134648,86033,1099873.3,203739.8,42876.8,208885.2,91543,455434.3,300102.7,155336.4,482680.1,706979.499999999,68478.3,345341.3,368374.6,8200.9,156096.4,2836007,199292.5,48195.3,14475.2,171591.3,168665,946564.4,730954,463968.8,130275.2,489323.200000001,75269.5,259016.9,40063.8,27074.3,388348.6,135935.9,21585.5,79385,143413.5,20777.5,54444.6,96206.4000000001,145921,4321.3,287668.3,3705777.8,15962.1,4151.69609172586,17419.5,81980.8000000001,33183.7,22032.6,80899,3255.8,4722.7,7272.9,163089,3333.9,134181.1,511324.8,107943,139661.6,21191.4,39710.4,5624448.5,86206.5999999999,2182054.5,46183.6,52934.6,112754.9,3390622.3,31802.8,2132954.3,236185,119705464,173841.3,78746,290611.1,105054.4,27680.9506653747,15499.2,63290.6,7179158,1364961.4,2849968.8,735987.800000001,27097286,80230.6,39875.3,91006.4999999999,4643.8,922075.400000001,648781.9,5275.8,1807318.3,1557633,338741.3,62315.8,4429.7,21758.3,4537818,3506.7,46652.6,6381.06447536932,6638573.99999999,3229025.8,1809344.8,4035.4,1186366.1,2302963.3,82220.5,27809.7,9707070.00000001,136237.6,78503,7072813,892339.1,91986.8,323291.4,168860.3,127471.2,18680.0078310868,268169.7,4358.04737914437,4149008.99999999,2259069.3,74591.0000000001,428827.7,1715655.8,875138,457431.1,124530.5,472921.5,5987958.5,404967.7,174479.8,1081864.8,8718257,36326.9,1378666,77703.9999999999,136643,1478486.8,90631.9000000001,151889.4,138599.8,41614.5,174030.1,40802.3,116757,64448.6,84840.3999999999,54667,388196,4838298.5,452649.000000001,151186592,4677269,3604475.3,30288,19845.5,4886093,7898336.99999999,321587.9,21750228,301475.9,7744204.50000001,58495,6050449,99765192,64417.3,264592.9,20715.9,36909.1,24764.8,263950,15764.4,50762.1,33915.7,481524.2,540593.4,424964.7,223144.7,275245.6,6609.3,313978.9,319652.8,34808.3,2135843.8,188242.1,173435.5,1270961.9,528605.6,1634822,314460.4,308648.7,32592.7,172243.8,333820.3,370348.5,6077957,41541.4,18967.5190086067,67221.3,28300.8,1106903.4,131002.3,320432576,579496.899999999,12627465,64818.4,44697.3,52756.1,18089.878275803,2215313.8,10316462,428034.6,637747.500000001,2480651,72443.7000000001,8411.41449383434,557441.4,62915.8,422995,163320.3,572452.999999999,177142,403848.2,1158500.24784284,2445768.3,387038.3,16582059,54643936.0000001,1815294.3,127598.6,276073.6,37352.6,704865.9,41276.7,74464.9000000001,111382.6,481066.7,59661.7,69607.8,55960.8,12971.2,69405.4999999999,13740.5,123371.4,557186.6,1556250,104886.7,62271.7,90700.9999999999,3794213.3,943893.1,861378.3,818514.400000001,111295.8,15466143,3508579.8,4159808.5,504427.2,148120.4,96698.9,87451.5000000001,434831.4,273001.8,56795.6,16218.4,11942330,19978.4,11389.5,371423552,393046,29819.9,39700.4,147320,3865.9,207201.8,6966236.5,507498.1,34681.9,423366.1,421736.4,57574,161422.1,168206.8,25148,137104.1,205222.4,2408468.5,13149,41337108,126895.1,104718.3,647135.4,134117.2,87208.9,170585.4,1081856.8,12243198,15941.5,193505,222995.3,532426.1,82035.3,341419.2,277604.8,31397.5,375212,15058906,84414.1,36940.8,44529.82158803,56401.1,375650.9,4448307.00000001,330865.1,5843710,112767.2,61954.9,1848.76408871481,2004076.6,270801.8,2207874,520699.6,179654.4,67313,5702562,13004.5,22255.3,26659.3,13676,103961.5,8865.2,112665.5,13507.2
"TCGA.B6.A0RP",42260740,1361380.4,161277.5,122091.6,77112.8999999999,160250.2,44152.2,97502.3,572604.9,150658.3,63483.3,121337,37726,1503118.8,589944.3,88416.9000000001,113499.5,2331513.8,179106.2,54502.4,158472.3,52041,1941671,894542.8,209475.9,282628.2,313838.6,85723.4999999999,404911.9,285052.4,1693.6,156496.4,2400771.8,143852.2,33962.1,7608.3,113676,94206,1354496.4,91833.4999999999,465978.7,78391.1999999999,253597,31292.4,98994.8,33166.5,29574.2059038362,377621.1,109164.5,11776.7,52315.364007245,269387.5,20893.1,113750.4,59859.8,143066,7261.1,494840.6,3752502.8,12718.3,4692,9056.2,15613.1,30908.2,3548.8,31121.5009244692,4588.9,9664.1,3356.4,206172.3,2773.2,61428.5,164777,43513.2196069094,15060.4,28775.2,23432.9,4518418,69608,1967272,12475.6,37247.4,16309.9,1879345.9,1808.45725136084,1912126.1,54540,66437956.0000001,28144.4,19081.1604067714,145604.445884873,835186.5,11720.8,8005.89982284494,41256.8,10789628,1050848.8,20710286,170402.6,8370719,17028.9,17347.5367615963,73823.6,5116,723083.099999999,105091.8,5535.88191199716,1281291.6,1547710.4,267506.3,66223.2999999999,5720.1,21541.1,2723806.8,16224,70062.8,7386.39289439552,5963916.5,1954378.1,2451797.8,5261.99949415137,582621,3122313.3,145464.2,6903.56727623178,7471989.5,234878.8,120554.613232663,626797.500000001,211787.1,75923.6,236074.8,39329.9,72128.0999999999,4236.3,186681.8,16861.4674079618,2589732,3715888.5,49339,347077,1359607.8,982854.300000001,237039.3,107064.8,599092.5,3830870.8,203666.3,126449.5,312044.2,2311842.8,15226.4,304615,140807,95695.8,913771.899999999,43879,45598.5,57088.7,14807.1,37284.8,24251.3788735159,25302.1,14569.2,21900.6,11250,94882,17361184,620434.1,36651040,1758799.9,2634600,11366.8709491984,26985.4,4514902.5,1525579.4,195709.1,13484265,98367.9999999999,1843810,60865,1650784,46463736.0000001,16393.7,197990.6,10229,18657.0419984597,15953.8,55885.4,6013.5780488836,11326.6,34925.1,468668.8,586863.4,119683.2,60124,238134.8,6544.24192044856,249681.7,337441.6,39168.9,610017.700000001,129307.5,91546.6999999999,391456.9,293651.1,1413190.1,40305.5,336572.1,8453,103847.1,158788.1,132843.9,3954633.8,18031.4,8918.7,16779.6,23441.4,57921.1,166423,329262336,599099.4,6728475.50000001,18120.6,16231.8,19745.9,7327.5,53200.1,9892265.00000001,515183,197057.7,1015851,36812.2,6603.19727530107,258887,49087.2,315118,124893.4,1352797.5,38916.9,331400.5,360758.948956641,1100890.1,142798,9423314.00000001,32763154,2047044.4,83729.6,100281,22622.7,343326.7,40322.8,234768.2,48039.2,282617,113694.2,37335.4,26827.4,10895.2,48458.6,17731.5465231723,61950.2,612094.300000001,77216.8,33312.9,26344.9150685599,82076.2999999999,2306098.5,462439.5,354410.4,297085,63870.3,15412954,1958272.6,5186056.00000001,282301.2,916530.5,21354,82794.6,463784.400000001,245347.8,32342.7,37144.9,5534125.5,4042.33184216401,3625.8,264127840,345306.3,36628.3,61701.1,67727.5,2867.4,127213.1,2844406.5,368917.6,46243.4,80119.3,89364.5999999999,66895.1,53967.3,70178.7,11332,78924.3999999999,153615.3,1863868,14302,15184759,32682.3,25514.6,53237,88735.2,67373.2,150148.8,2609584.3,12560312,18853.2,212997.5,116205.9,721024.6,68259.2,461743.2,310634.9,54422.0900989629,287589,6330780.49999999,23497.2,38365.5786312289,23821.4142241693,23894.2,353476.4,2379530,717366.1,2816705,7342.3,9906.8,2518.3,1234633.4,261001.3,4684829,356103,56010.8,24033.6,3974303.8,2686.9,4158.7,7872.7,2134.53648923296,37199.3,8128.94414500609,33452,6283.2
"TCGA.B6.A0RT",2366107.5,1745039.4,197101.1,96277.1,175346.3,106392.764471301,29348.4538559423,129362.5,243356,59234,38095.1,519563.1,71922.9999999999,475692.7,129988.7,58993.5,237937,778161.100000001,74760.0999999999,24210.2,262964.3,137008.9,768331.300000001,288501,239772.7,345296,225255.9,103858,361912.1,339223.3,22399.3,88797.9000000001,4366907.5,181852.1,44750.3,38457.4,135416.7,197162,1164400.1,204096.2,141958.2,38066.1,117480.6,19889.3,438846.1,17173.1,25285.1,122837.4,28538.2,9316.6,26797.9,100441.1,4139.7,62516.1703333341,65337.3,1237250.5,3153.3,166456.9,1677937.8,11715,4018.6,11921.5,2043.9,27168.1,7707.1,33126,43759,4590.5,7777,236439.3,4392.9,108444.7,511025.599999999,153899,64756.4,106444.6,123287.8,4518898.5,40061.8,957241,305292.5,302058.9,31977,279450.8,9723.07268891633,3358118,240123,83754576,53080.3,14210,154422.1,163435.2,10181.6,1405.8,66500.4999999999,11327314,1207333.9,12691825,619262.8,27956946,44985.3,24110.9,190042.1,7319.6,941219.400000001,1173812.3,5452.2,1473525.3,691527.4,1034666.9,66530.8,7780.39001484693,23516.5541791028,2162858.3,20564.5,65633.714626028,9510.29999999999,7405572.50000001,3157853.8,3977332.8,7573.6,1005126.6,7485735.49999999,145161.8,10885.2516319682,5475320.5,141191.7,324585.4,4524462.5,1107251.6,356437.8,270232.1,91179.9,170200.1,12862.7,364855.9,9492.1,2545266.3,4915116.5,36636.4560088296,440397,1802346.6,1876338.1,647344.9,217832.6,720873.3,1806035.3,555210.9,144028.7,740576.400000001,7614060.49999999,32882.9,1934100.6,4198662.5,142545,1621939.9,108592.7,449426.9,229912.5,17139.5,103375.7,46419.7,39975.1,26498.1,27576.2,52885,340257,10244676,17707296,134310352,2757508.5,3362390.3,23914,12906.1031341633,3052172.3,1556963,229121.4,15951626,253209.9,4861348.5,22384,6386190,73003176,16296.8663511234,250738.9,6699.13741491607,34711.5,22012.6,183687.3,5076.2,33702.6,19335.6,2032271.9,1501226.1,11257.4,105492.9,378128.9,5513.4456822277,427519.7,219855.1,74446.3,22222.8,171574,170714.1,1923537.5,885087.800000001,2267249.8,80520.7405799698,681316,247144.6,640317.299999999,48559.1,514924.2,6787352.5,31126.9,13465.2,35740.8,38247.7,154384.9,857415.400000001,296809664,534026.4,12210042,20847.7,20388,26682.4,10534.8,174370.8,14838501,997467.399999999,413991.2,2213231.5,23985.5,22255.5,790722.000000001,194497.4,1138356,95333.0000000001,3380687.8,1498912.5,479564.2,931078.013344834,2636333.5,254361.7,22539858,119187784,1833608.1,130382.8,103180.6,78331.7,597593.3,173809.2,79219.4999999999,279628.4,487895,59249.5,154051.8,82478.3,16261.9,91097.1,39848.1,119033.9,1155748.8,9610.5,1598.3,26407.3890028557,54072.5,4087956,289816.2,729806.9,514349.1,101280.9,16041684,3754016.5,9813208.00000001,250979.6,252474.6,75630.3999999999,78376.2,317597.8,330143.5,44155.2,20573,8675211.00000001,4035.5,15411.9,444213439.999999,567205.3,34140.9,106721.7,109792.2,7344.7,132622.1,6579632,673945.2,44806.8,150002.4,30064.2,140961.442623865,251796.5,805946.6,129928,104006,292977.6,4227915,125081.7,28154020,36143.5,23023,178517.2,190402.5,50648.7,245288,86194.5000000001,17376344,40022.4,279728,172441.3,175580,35864.4,407298.3,391471.1,28072.5,125186,11210194,27652.3,17426.0166810421,96776.2000000001,37753.5,472982.4,1793466,22721.1,3821362.8,24787.272080867,15683.9,3935.7,8059156,197825.5,6246646,1041646.9,21290.3,34668.1,5662722.5,7875,14732.4,8014.6,8597.5,20348.8,6614,61086.3,83997.1000000001
"TCGA.B6.A0RU",7576788.99999999,2797228.3,147974.601907516,46057.5,79442.6000000001,48468.2,26878.6239760285,71589.4,73674.6999999999,14919.9,41129.6562376783,175184,128067.6,269690.4,148561.4,46472.7,154565.9,636913,73591.0000000001,17482.4,159208.1,64838.2,323337.4,184875,156257.8,469782.100000001,226971,43656.5,266864.4,551705.9,13002.5,172595.6,3755886.5,145536.77520358,29325.7,14670.1,84398.5378723037,122603,1314561.5,462891.8,155765.7,59971.2,32853.5,8326.6,696041.5,31645.8268628561,30278.2281733858,99244.7,32058.9,17851.7628189141,18685.6707842524,123493,4515,36055.5,51124.2,391232.6,6243.96461096611,255453,1537253.9,8690.7,4785.2,13117.8,38309.9,19504.4,11357.5,18618,4811.9,6370.1,7560.5,76085.3999999999,4736.91036444598,84032,711084.9,49638.4387480213,38680.8,22533,21833.2,2706134.5,37685.4,1883291.3,39858.3,182641.3,43479.5,1561846.9,9290.8,1966693.1,226107,125240368,27471.3,13696.6,89407.0000000001,157377.9,27360.6,7340.2,25475.4,4711518.00000001,1243019.9,3256841.5,878689.599999999,34674052,38288.6,18074.9,135397.5,7780.5,771052.500000001,365394.1,6918,522378.599999999,2047362.4,239594.9,50901,8159.47894078926,20297.0497870235,2297144.8,4900.2,41150,6463.2,8052466.50000001,3007253.5,3046467,5250.61522637129,987251.5,1724086.5,96873.3,5712.29534216613,4643488,204259.5,231809.5,2675714.3,652259.000000001,212274,391963.7,182707.7,155428.9,31215.9,156914,4823.9,2994014,3380978.3,26992,563675.3,462209.9,362808.5,230285.7,132779.6,360560.4,1460385.6,218501.7,71648.7,145386.1,8028391.49999999,23657,437836,60608,161819.361336238,2762342.5,65472.2,242565.4,226642.8,68556.3,209004.8,43560.9,118864.1,67880.4,144730,77104.9999999999,434584,12165531,383005,149801072,2459713,2043134.5,13684.6106640886,10000.2,187622.3,101695.1,288885.4,14249779,149952.8,3082245.5,31273,3091346,109130360,12313.3,256414.7,7859.19520481896,31086.3329424803,19263.8,51449.3,4678.38932318562,32347.6,21031.2,1228086,830724.899999999,234898.2,393244.2,375088.3,4215.3,443974.9,270495.9,5821.8,338410,168810.5,108985.2,689680.499999999,617827.9,1039954.2,65249.9,341283.8,30522.1,100029.9,222721.7,933134.899999999,5015172,22618.1,14548.556863817,13031.5,56194.5,2154808.8,404034.4,277337792,466084.3,9844996,15608.9,21073.3,29181.7,7403.9,28704762,8961674,782730.700000001,445008.5,3082820.5,18517.5,53264.3,4396685,603689.3,7052053.00000001,65877,1259706.3,31375,517606.9,689646.1,1625283.5,200248.3,39870320,100768080,1707147.5,165660.6,17307.4,44281.1,55036.1,50410.4,56609,189983.8,557371.5,52012.8,104216.7,33787.9,10786.5,36254.7,23832.7,88854.3999999999,555885.3,272647.9,36408.1,14118.5,86358.3,4497393.5,260250.9,47785.3,648988.1,5694.4,14713961,3807541.3,4791261,223008.5,156578,37175.9,71961.2999999999,374112.2,329886.1,149667.6,8329.7,7950864.50000001,3632.9,10325.8,405656416,124587.7,34640.4,71040.6,104929.4,10460.2,127794.1,4819865.5,1323173.8,39308.3,210406,81476.6,62743,93686,448131.6,57150,106862.5,140822.5,2409933,10670.320553817,32955116,35125,42843.9,89654.4000000001,185195.2,69270.9000000001,115178.9,459756.6,12734113,33829.6,316795.3,162033.3,498175.8,60705.9,130654.3,360882.6,28249.6,1527763.1,13501139,37008.5,8160.8,91444.3,33403.6,400672.7,2725551,354728.1,4017436.5,82313,75237.8999999999,3127.2,2665999,190307.6,3830527.5,763675.2,104420,65465.4,5608259.00000001,4158.8,11748.1,6081.4,6739.6,22678.7,23439.6,67567.1,33336.5
"TCGA.B6.A0RV",1797112.3,2515409.8,413753.7,58585.5,84626.9000000001,118028.3,80512.2999999999,24077.3,1515740,74011.6,60568.1,105220.8,7927,2035693.8,367772.8,169011.4,18079,2594909.8,95262.1,17384.8,285751.4,32896,2127742,503243.299999999,119701.8,212006.7,159332.5,21722.7,364457.2,321215.9,3418.9,123753.8,1421587.9,139469.2,19469.3,10568.8,144229.3,169440,794938.200000001,46558.6,676191.6,184189,291253.2,13109.3,121463.4,27214.5,29227.4050528035,233196.5,49254.3,16453.300608809,16845.4,396289.8,12337.1,226977.9,44133.3,71456.0000000001,12861.1,209414.7,2121828,17192.7,6277.3,11243.008954541,44633.5,13822.1,11525.3,30428,6837,13673.3,6773.1,91704.9999999999,2868.18894362142,57215.4,407444.7,23623.7720397671,24406.9,42996.7,22800.2,3518741.3,36676.5,919747.099999999,29815.5,28226.3,6832.00842328011,55322.7,1273.92575317085,1585955.6,76846,50506804,27784.9377350773,21871.108271317,125607,43930,34272.2,8005.89982284494,18972.7,8645606,1311114.5,10646956,541660.4,12575048,17787.4,11896.2,168049.2,3985.4,953298.800000001,72235,3774,707106.899999999,796852.1,175120.5,84453.1,9726.6,28878.1,2464728,57816,96671.9999999999,6498.3,4613019,2135033,1550605.3,2486.9,435363.499999999,2708195.5,105558.8,3292.42750088075,2482991.5,352641,57534,293121.6,317926.6,191745.4,68062.4000000001,45036.6,38090.1,47372.8,140010.1,9435.56237557009,2681435,1604247.3,23584.4015045713,200588.3,639702.4,525546.899999999,255193.3,30959.5,242686.3,1555145.6,205316.7,142619,170512.3,3249091.5,9019.9,411231,102368,129224,482306.4,28204.8,76665.8,136224.4,20131.1,90095.1000000001,35811,61760.3,27478.9,22476.8,25551,173475,28008290,1091041.6,47922056,1248795.4,4560116,12448.022148568,17443.8058722975,3480460.3,583822.200000001,402326.2,9000739.00000001,54851,1110521.6,48420.8668183072,1356970.3,50830356,13349.7,181259.7,5429.2,24397.4614319671,13479.4,26379.8,5994.53428153304,19243.3,22418.7,861403.3,686085.300000001,18879.7325750142,128109.1,339965.5,8225.8,340012.9,198726.4,262070,946673.6,167076.9,242526.8,385132.2,389016.5,1239372.6,23920.431927026,158963.9,15671.5,69020.6,29099.6,253230.2,4397278.5,15849.7,12265.9840644643,17757.6889213686,17861.4,139426.1,95557.5,170021536,680636.5,9228153,24836.2866539186,17651.4,19006.8,7952.36110898468,501780.2,8416993,407970.6,387478.4,825469.4,43844,15811,442162,170730.4,675781.9,33339.1,1030750.6,55918,417229,234501.562860523,1687207,35543.5,10194400,61314112,1754955.4,97477.5,20642.4082963001,18827.5,46926.9,81287.2999999999,184715.8,95195.1000000001,409897.3,62339.9,59039,31840.4,9262,34245.4,21990.8,58501.5,676360.100000001,38708.7,6565.2,11683.1,75917.5,1494565.6,1149144.5,152195.1,384935.3,40458.8,14348675,1609940.5,2711720.5,990204,83671.7000000001,104614.1,127048.2,444513.9,298087.4,25011.7,11702,8538785,3083.04550810804,6059.6,203996416,270169.9,47138.1,83056.4999999999,159477.6,15269,211917.3,4379046.5,306346.4,36784.5,66589,118003.1,76999.0000000001,79056.2887773804,62627,22535,67207.8,120470.3,4298637.99999999,13112.8,22948506,19000,19903.1,97784.9404058446,77436.8000000001,123613,236241.5,1177027.4,12489713,5773.7,161909,501365.9,271131.6,52675.6,305929.3,284760.7,27538.1,209115,7092268.5,33078.7,12389.1167907957,24544.0170806776,50412.2,335039.8,2579434.3,77586.9,4178276.50000001,5461.1,4949.7,2285.4,1088243.4,227248.2,1971228.8,624395.6,8895.8,15025.3,4461599,3683.50283525008,4069.6,8283.38246140686,3280.6543431202,35198.4,17507.1,26185,18623
"TCGA.B6.A0WS",2616459.5,939086.399999999,485509,81754.2000000001,342824.8,358464,57696.2,51456.4,901763.399999999,25966.1,138127,996865.800000001,52441.7009695676,2038963.6,169201.4,248278.1,206454.1,4424733.5,65814.4000000001,27735.7,420379.3,97916.6999999999,2941742.5,190476.2,144156.5,318076.5,153604,165321.7,465496.7,350185.5,3119.04446774011,93488.9999999999,871114.199999999,437292.9,30914.7,31960.8,140346.9,672388.900000001,504766.9,22746,187345.4,45965.5,356815.7,4876.7,411400.1,14652.3,32843.5,753425.299999999,24913.5,13405.7,143512.4,617953.8,12654.6,226894.4,23141.8,111245.1,3212.7,223497.1,1266099,14828.4,4171.21619326425,10855.8937820944,26282.8,16031.3,8730.5,22575,4032.78695188702,7383.60651269378,9490.7,169629.766817277,3080.9,33502.6,186996.4,58409,16700.1,70587.5000000001,18950.1,3500415.5,97191.4,515488.900000001,145028.6,48676.9,16795.2,432720.4,3892.20409631407,2000561.4,168037,38076028,76220.1,26815.5,137583.225397264,148148,4995.3,7671.3,33565.8,7572713.49999999,979322.199999999,9676200.99999999,64859.2,9951486.00000001,41579.7,22357.6,127567.6,5470.8,3746991.8,258975,5726.1,660544.4,553282.4,146303.7,172130.8,17415.5,37909.9,3254189,9728.99999999999,50026.7967096629,15793.5555266925,9892029,2279229.8,7444644.00000001,4723.6,1334708.5,154334,112488,5674.2,2816174,201823.5,96980.0000000001,540345.100000001,291172.1,65970.3,140432.7,93343.4000000001,156989.7,8907.9,134222.9,11490.5819951144,1310191,3378281.3,45179,185304.5,941762.9,603241.6,272401.1,65615.7,341662.8,1592085.3,52825.6,95872.0000000001,120820.9,2968061.8,23460.2,1087873.4,1103972,36226,657702.2,65969,52315.3,63148.9,12442.5,32847.3,22982.1765990572,25784.9872855173,17249.5679961935,42520.9,91431.9,158033,13828557,4478838,51029020,1599883.8,1353896.3,2200,11893.3623172955,2357378.8,448756,141341.7,8755250,61107,308695.3,71353.858132516,385036.4,21873450,4504,158844.5,4711.5,28408,39198.1,567569.600000001,6264.3,36382,14083.4,797225.199999999,688589.799999999,97842.5,165065.3,594436.900000001,14518.6,627056.6,128959.3,64947.9,173705.8,143517.9,75505.0000000001,1081731.9,421924.9,1211503.6,30521.4,922968.500000001,245678.1,262563.3,70926.5,286065.4,3486753.8,53365.5,9763.4,29125.3,26148.4,232143.7,47914.7,113864160,1315581.5,6965481.99999999,47626.5,38232.3,48991.6,11702.6,701789.700000001,8742184.99999999,548900.800000001,398765.7,1170287,16158,3501,823248.700000001,82097.3,558971.3,86453,1186216.3,306588,388303.9,284981.9,1323789,158917,9585184.00000001,118084432,2229332.5,221709.6,111250,15725.7,92615.5999999999,60855.6,43654,92081,443888,28129.1,43678.4,25574.5,3773.6,32662,9874.3,80500.7999999999,450360,63886.5,13275.1,23732.1737514554,79400.7,4234117,2675502.5,151421.3,135961.7,214381.1,17547928,3489750.8,13324859,1886777,123426.2,68236.6392511376,241057.1,492417.8,397390.7,5702,29892.7,5958704.5,13832.8,2958.1,288619424,394524.7,86235.2047865917,37649.3,92529.4168385549,4528.6,59814.5,2647177.3,247272.4,28661.8,56040,51314.9,108047.6,82158,125450.8,36194,61349.1,60927.8,764199.600000001,23239.4241374993,17523270,55198.6,34525.4,94451,51785.9,105580,345114.9,20781.9,13911748,8664.8,1069587.1,649991.1,17308,30463.9,539168.6,289927.8,54422.0900989629,134944,6113405,70042.6,20322.5,14380.7,32815,270286.8,1710594.1,287248.5,2590811,22934.4,10731.9,3552.1,861468.700000001,130156.1,2403971.5,705440.499999999,56346.6,31501,3397621.5,4675.6,16990.9,11000.9,6975.4,16824,8308.1,73196.2,11441.7440970643
"TCGA.B6.A0WV",1635620.1,1552802,276861,124386.9,173033.4,215999.5,28779.4,36698.2,367197.2,98609.1999999999,195152.6,146120,44129,2022974.9,525206.199999999,788071.9,123959,3693166.8,482376.8,99515,623450.4,52210.5,1569962.8,504270.5,285341.5,158351.5,108384.9,21830.8,298468.7,547010.3,11167.9,155740.1,4355764,212722.2,59273.4,32091.1,77243.8000000001,160431,1717733.8,148003.2,470332.3,44965.9,223454.7,43017.4,520129.7,32324.2,50803.3,943126.800000001,112958.1,17354.6661742265,562793.4,418471.2,21568.3,187304,115625,118087.6,7714.6,588398.8,671301.3,21167.1,6286.73131936267,12231,6420.3,20467.3,2866.4,43249,12445,8702.4,5014.4,240916.9,3096.8,102817.9,869090.199999999,64085,37613.6,50328.8,57085.1,4391305,48466.2,2408093.8,65746.3,95834.8,71629.9999999999,3530032.3,17778.7,2282060,256961,105858080,42644,13842,124258,177511.6,4584.4,5687.7,83714.7,5486493.99999999,1194785,34060180,502459.2,20795570,24774,9592.7,117646.2,2714,728086,553046.899999999,5897.4,1384188.3,10767518,390421.6,57664.3,5045.9,22616.9,3801385,5867.2,49057.4,7929.5,3153910.8,1732567.8,9259692.00000001,3042.8,475037.4,3044347.3,168240.7,6421,5192015,175306.3,6018503,7997121.5,1671656.9,102575.2,282227.3,217454.1,211987.4,4909.2,299055.4,10300.497547789,1272447.9,1899986.6,17255,133782.3,917117.400000001,535358.5,608720.6,105256.6,320395,1222833.4,407908.9,142797,861504.399999999,12924390,24982.8,625784,159788,221419.341164424,1610140.4,97052,132730.6,223323.7,43612.2,182254.9,44781.3,78928.9,45741.1,73245.7,109701.2,302157,5682077.5,1354989.8,85472344.0000001,4464649.5,2371574.5,4207,16116.3,1647005.6,1042750.1,332179,14679391,100008,1504357.4,50792.3,969527.800000001,115614760,3898.1,203177.5,3924.5,36601.3203831224,15084.2,97974.5999999999,5629.1,18742.8,23184.9,506383.8,731921.799999999,492574.7,31020.7,221369.4,5387.51832209612,230379.9,1421037,66062.4,653134.299999999,137812,206950.5,2357899.8,535116.4,1588466.5,213470.2,142073.2,62136.2,157898.1,355044.2,783194.4,4913226,22397.5,15078,25416.2,48277.5,740905.5,353229.3,447241344,366018,9559919,18497.969860933,18913.7,14031.4,12173.3,2627268.5,4835759,230629.4,459992.2,2865547.3,37393.4,7825.4,465751.7,52404.1,356114,89087,726749.699999999,153023,241496.8,1761460.6,1533298.8,797744.3,29795236,67712584,1609621.8,129405.1,25755.8,38588.1,107581.1,29165.1,227764.3,144032.9,411084,49907.4,73625,51881,15079.5,56532.7,21250.5,90169.4,1009225.5,50741.9,30732.3,11614.6314435705,26866.9,1705058.6,1216252.6,219299.2,651975.699999999,266332.6,15152808,2792432.3,2813102.5,3162391.8,260427.2,38831.9,60536.5,388940.9,248507.4,20578.8,45786.3,7339916.5,3777,7745.8,362658752,439224.3,88406.6,57448.8,84116.6000000001,5118.82718962804,218956.7,6607779,841695.4,33981.8,1631868.3,52897.6,123561.739152644,178064.8,280281.5,23501,118856.8,395614.5,1542526.9,24121,41571268,37911.2,35774.1,51124.5,236214.4,137779.6,655693.900000001,305502.4,10346243,12058,100155,771625.1,468319.1,79193.2,409767.3,262589.4,10365.8,283773,11684276,19971.6,8464.38874226232,33777.1,62480.8,299644.4,2182677.5,330920,3958603,79080.4,52598.6,2509.26394616302,2782714.8,204489.6,7354543.5,407682.5,227530.3,104377.6,5279588,4758.4,15037.2,11940.1,7433.8,12254.6,4315.4,101714.5,28167
"TCGA.B6.A0WW",12741253,1720047.8,351784.8,47226.4,71637.8,162663.5,61413,42916.3,936343.800000001,69198.5999999999,419042.7,153095,33809,2494249.3,299255,454292.1,157102.1,5466376.00000001,419970,42992.5,592083.9,82078.0000000001,2205412.5,327237.9,258590.4,214743.8,193664.8,33142.7,329493,272720.7,4027.8,124164.5,3674536.5,469469.5,25628.4,9076.9,324091.2,94957,1157844.9,48895.7,452056.4,71476.5,620909.9,22720.9,52221.5,32342,43857.8,1165582.1,57669.2,12289.4,248416.8,599092.799999999,30802.8,140750.4,58027.5,247650.279799138,8437.8,160342.8,1561871,5047.1,4013.63162197686,5953.3,32744,25288.9,5329.2,33499.5220316572,16223.2,4216.7,4099.6,395131,2728,125917.7,592813,97577,36180.8,32157.7,46781.6,3135125.8,53581.4,1815223.4,59520.2,92166.3000000001,26488.2,3001495.5,6803.68331180355,2280967.8,108194,54814836.0000001,39712.2,16540,139097.965771079,180599.6,13671.2501864535,8005.89982284494,216856.2,7374533.5,1236542.3,18990912,427804.3,23837036,29817.6,16936,142259.5,2166.3,545711.400000001,405267.2,5535.88191199716,589637.8,1148836.8,521455.000000001,49819.5,7009.2,13479.2,2439570,2532.2,24041,5496.85282364127,4741148,2423216.3,5324654.00000001,3557,267473.1,2395187,70563.4999999999,5120.3,5194930.5,306408.3,73676.0000000001,3455057.3,1626635,56521.8,523463.8,103928,121049.8,11994.8,204813.1,5395.2,1853352.6,2253218.3,33369,192735.5,1216837,677160.3,312653.8,108708,364886.8,1595661.3,162162,116104.4,781555.399999999,7536424.00000001,25942.2,1074495.1,656128.5,94037.9999999999,895127.4,40048,298357.5,178466.5,26618.1,154952.3,42892.1,70244.4,42825.7,47621.9,99233.1000000001,136258,10734554,3165556.8,104624216,4071087,1728782.5,13116.0079739685,18547.2,3147113.8,1420834.1,433889.1,15384993,190674,6151921,480218.8,6232277.99999999,64947675.9999999,11844.6,283412.5,13910.7,29588.4,14401.5,119191.1,5906.4,22198.4,23088.4,751021.1,693509.299999999,216575.2,41764.1,262522.4,3433.5,269390,191140.2,128262.4,867483.100000001,124657.4,35571.4,350308.8,559439.3,1633280.9,66638.3,267677,81416.1,426245.2,259869.4,15699.8,7177160.49999999,25565.6,18172.2,17911.3,26008.8,13915.1,707319.4,377240320,436298.4,10822513,18606.8,26198.2,23094,7371.2,475597.4,7118662.5,316609.3,353802.2,1119367.3,63102.7,14713.7,925834.7,192423.4,1396444,141498.8,1974892.1,241294.4,380266.1,314382.8,1828987.8,162448.2,18666810,102698616,1703874.9,97446.0000000001,26207.3,37722.3,98045.2,58330.8,171837.7,122441.6,728454.9,21111.4,112406,63530.3,39169.7,30086.9,30824.6,90428.1,1184880.4,58317.9,34112.8,16135.5,71993.1,2516654.3,549962.400000001,807541.600000001,455155.2,51763.6,15244385,2182283,4337677,591698.8,169230.3,47673.4,59209.9,394653.7,317685.6,25358.4,5984.6,9092577,3054.5,11335.5,311860256,471105.8,46922,40298.5,144304.8,7057.5,235014.4,5064783,173494.3,41131.9,156909.6,126505.1,91488.0000000001,220634.3,705998.299999999,66481,152864.4,263537.6,5057314,42732,30223592,30837.6,38713.9,90471,88144.6,110963.3,514335.6,355545.8,11966735,16690.7,79483.9999999999,467962.799999999,334267.1,27388.1,349599.3,365084.7,27816.7,215488,9208586,33201,18543,12905,12087.4,474038.1,2496086.3,79507.1,4517677,15158,16600.8,1947.51980929628,2808484.5,234272.1,1592983.3,405798.3,116980,29726.4,5456361.00000001,4182.2,13103.7,11985.8,5339.3,27892.7,7413.03541373315,65375.3,61146.6
"TCGA.B6.A0WX",3950429,607239.5,198979.9,152154.4,204426.4,106208.9,19673.3622410841,34877.5,193078.8,60799.7,194717.2,346953.9,69148.2,637137.899999999,246072.6,157652.8,188835,1613625.6,196747.3,106946.1,279044,114884.3,617561.9,274432.2,379491.9,153932.6,85189.5,22380.9,310620.2,265086.6,5955.6,106987.1,2280910.3,179997.5,101789.5,71171.2999999999,103601.4,111553,725680.799999999,655576.500000001,252232.6,57902.1,141029.1,25909.4,27994.6,16470,36256.8,253024.1,61597.9,17295,73603.6386623762,186088.2,10718.1,42124.2,51257.5,114293,5201.3,66362.1,2750120.5,6702.3,4584.9,16020.0349273281,12205,34300.9,7888.11629838665,48910,6596.8,6301.01510757705,8054.7,416055.3,15196.3,142616.2,337868.2,280335.6,66643.2000000001,16450.1,115432.1,2200437.8,107911,3320436.8,86341.3000000001,40156.4,167957.1,5954190,60415.3,2127585.8,91095.0000000001,87906128,55349.5,25579.5,174260.5,106177.3,4629.4,3327.5,41852.6,5520675,833081.800000001,40872076,699152.6,51094532,33114.3,19976.6,90581.5000000001,7778.8,939056.3,186170,9574.8,332325.7,470096.2,494468.1,43398.1,6733.321933209,18886.1842479967,1308718.1,4612.29718527406,42623,6796.87090842416,8589665,1809678.1,2803476.8,3538.4,777040.000000001,5004002.5,54940.3,30334.8,2907100.8,123766.7,265534.8,5044275.5,966973.9,62362,720398.4,302736.5,361710,5786.77748425061,222494.7,11061.1886086358,865392.5,4004141,36870.8,99572.8000000001,609296.8,666048.999999999,381090.1,221597.6,419961.3,649507.499999999,210738.9,115908,544937.999999999,9009761.99999999,42594.5,3478463.5,2159838.3,196715.9,2632384,82922.9999999999,415125.2,167292.7,22452.7,85286.9,44229.3,33010.2,23238.7,27401.2,62050,515286,16617287,9680649.00000001,229738832,4026455.3,1950858.5,22877,19799.7124279915,6328170.50000001,9474152.00000001,224326.5,20335028,775733.800000001,15763878,79269.6097009096,14442443,78095464.0000001,20295.5476299763,264351.8,5822.1375498114,24057,24490.6,106344.8,6749.8,17600.8,17402.6,533268.6,952316.3,585852.4,95847.8000000001,428436.8,4170.1,550388.6,51840.7,30149.5,211445,117011,39642.3,936245.3,564125.1,2328311.5,548819.6,391966.2,354797.1,675073.299999999,602656.1,20712.9,4993493.99999999,26708.6,12877.8,27385.1,54744.6,51822.2993403836,646999.799999999,263400416,378290.1,9148696.99999999,18050.6,25127,22151.8,18900.1,12626034,7346114.49999999,547532.3,245503.2,2831697.5,34133.7,8283.00000000001,797517.1,70107.5999999999,1161898,122217.9,4682759.5,752915.1,364301.8,660701.453361589,1559405.1,240913.1,61960244,111954160,1653695.3,97111.3,847187.799999999,47923.7,1647728.8,20460.7,87272.9999999999,160498.1,931658.599999999,32715.5968314458,127972.6,42790.5,16330,53282.9,13873.6,67040.7,1029514.6,127384.8,35677.3,21716.0115179636,36803.2,2095793.4,122644.5,447496.2,154225.9,23394.4,14486744,1783102.1,6083437,184553.1,160277.4,49869.13193461,62883.1,399759.1,468517.7,15489.8,3373.1,6549421.50000001,6809,5314.2,422040832,488963.8,22815.1,98141,111782.5,5886.15971965473,142202.2,3412648.8,150559.8,26659.6,134428,38483.7,89214.5999999999,352050.3,825253.699999999,181533,81202.1,141810,2494372,67457,20019348,51688,46962.3,283581.7,216796.3,55552.4,143667.5,103903.9,11438937,24343.6,363735,91732.4999999999,394606,44311.5,322414.6,458807.600000001,54422.0900989629,306642,10948348,28533.9,23048.9315595902,25308,9628.2,515366.1,1962213.9,55388.6,2951485.5,148308.9,94480.9,1965.7,2832654,126898.1,2626004.3,481555.9,284062.8,11897.9,3920379,9879.2,12439.4,7218.3,4297.9,27046.3,7349.67121641772,104226,132435.5
"TCGA.B6.A0WY",1864388.6,1419089.1,561605.3,72901.7,92683.7999999999,312185.1,92648.8999999999,38539.7,1844879.3,58291.2,548243.399999999,501071.6,29043,4780392.5,508090.599999999,1028277.3,153444,8556812.99999999,333842.6,78890,774607.9,116822.6,4680582,648379.299999999,368854.4,360442,276631.4,60011.7,371648.1,441858.5,6852,209047.5,1428572.9,559612.4,30732.2,16088.8,256309.1,164654,168136.7,121402.2,190822.5,64337.6,1174261.6,23514.7,259561.2,14473.4,28793.7,1171985.4,76015.4,7019.9,537038.5,1124625.8,30079.1,298275.3,42860.5,247311.957696104,3424,240821.7,501850.899999999,25177.2,3809.6,8747.1,29716.6,18177.9,5501.6,61276.6,4571.5,4789.7,8745,199009,3979.9641174058,138191.6,258072.6,77585.9999999999,18686.8,47179.3,41392.4,3608045,37417.1,1256776.3,50265.7,112458.1,26179,1901004.3,6121.8,1964458.3,145884,91489112.0000001,95786.7999999999,40506.9,131100.717347161,130899.6,11966,4244.5,51117.8,9514416.00000001,1460952.3,10741066,973538.1,20611558,44663.9,18663.3,232715.7,4397.5,790520.8,346514.8,8468.2,612671.1,2309340.5,247949.6,81853.9999999999,7114.9,32460.6,3619359.3,61344.7,56455,8469.99999999999,5920959,3029056,6918982.5,7210.3,1515198,2470918.5,188861.1,4448.6,2526011.8,201823.4,463138.999999999,2619066.3,592233.3,49838.4,383716.3,94804.7,133148.7,15635,217414.5,3449.2,1546612.3,3248083.8,26432,219471.5,564652.4,661516.3,431663.799999999,83101.9,633604.000000001,2079761.1,299491.2,175186.8,407877.8,8034644,24081.5,464868.4,150589,218821.9,1537605.3,93674,96398.5000000001,110316.3,22016.4,75735.4,29991.4,44718.9,33519.2,33431.5,95347.6999999999,174937,2076102.4,537429.1,80123096,2455707.3,3402935.5,11241.3194228333,13049.2181483215,4537956,3284316,310200.5,14750276,134880.4,2036353.8,126190.103228466,4004657,61185408.0000001,6795.1,87305.1,5442.27811313147,23637,18929.3,204758.3,10107.6,67387.5999999999,48196.6,1375167.5,714618.300000001,168072.9,151240.503647949,252394.8,7055.2,258975.5,246430.6,165332.3,557257.7,234211.3,183283.1,1287883.3,569074.6,1182336.5,49244.4,373812.3,23889.7,111500.8,21953.7,1652286.5,7328593,42855.6,12169.3,43325.8,44248.9,375510.5,252277.7,302663872,641386.800000001,14560615,53402.3,40933.3,51591.4,14167.2,531791.3,10379367,780350.999999999,596499.400000001,2374154,28517.5,10171.5,1061828.3,110901,993909.300000001,113572.5,564835,97057,370539.5,455709.9,2444737,163428.4,11313937,62847491.9999999,1979606.6,184204.9,49553.1,33059.5,199024.7,48909.9,108068.579644698,134620,487064,69143.9,78362.9999999999,46781.4,13151.2,79115.4,35983.4,104490.2,462708.4,43678.9,13832.5,18239.8711308294,94746.9999999999,4749599,1864635.3,202571.1,405897.3,118759.6,18621810,4584091,5640638,2718452.8,171845.9,87161.7,102003.3,360342.7,178414.4,16275.7,17934.6,11125962,17133.7,8437.8,314006176,469492.3,169036.7,91885.6000000001,245876.5,4083.9,366541.8,6749048.5,547351.9,52195.6,212796.2,30921.2,185707.654622956,131195,234121.5,43407,82813.8999999999,163345.7,1026961.9,10252.1071980787,32089624,111419.6,86590.8000000001,68611.9999999999,77549.8000000001,1557546.4,2469108.3,138881.7,12433017,19738.7,213584.9,1186529.6,245789.2,32645.2,294443.7,141015.8,53055.6,154001,11538382,73669.2,26643,46999,84848.6,187888.6,3707716.5,144286.2,5717755.49999999,19943,25078.3,2382,4183575.8,165495.2,3746324.3,491648.9,106185,27192.3,6949912.5,14449.2,28966.7,19245,8813.3,68052.8,7937.6,70839.3000000001,7394
"TCGA.B6.A0X1",1222551.4,3646785,163835.5,65005,80935.4000000001,94175.6,11948.1062056196,81535.4,507240.8,63195.5,88549.0000000001,294678,41178,410210.7,129846.4,140236,174540,753464.300000001,71119.7,49969.2,323915.9,42762,226862.7,183828.2,256317.8,255664.9,145954.9,24107.3,329484,372229.9,19988.6,98373.9,2735928.8,172310.4,54423,20605.4,61883.2,115783,1951744.3,2398637.3,1141469.9,145480.5,618213.4,52141.8,2039199.4,29372.8,37265.5,229905.2,32928.5,9257.3,64754.2,220615.2,6137.7,32112.1046356034,83330.2000000001,880296.399999999,9828.77038381021,407306.3,6338772.00000001,6828.9,4551.9,20092.4,12058.9,37751,7876.5,39480,34469.5,10612,5438.5,499558.499999999,13486.9,320245.9,251848.9,764564.800000001,37969.2,45957.9,81438.7000000001,5415409.5,142325.2,3350424.3,111631.1,56087.7,129564.7,5867291.00000001,71552.1999999999,1865001.5,132188,141893152,63688.5,31736.2,150544.6,156354.5,12708.9,6991.1,54769.8,6011662.5,452303.2,33876140,405101,32277956,68048.8,28640.2,127844.4,2782.8,457538.4,2607977.3,5789.4,2586066,4044134.5,245807.1,51798,6652.5,12867.5,4326278.5,1997.58418157839,146430.9,6977.59396076523,5859806.49999999,1775826.3,8098916.00000001,2643.1,1007540.1,1971805.1,89230.2999999999,76802.9999999999,15062391,175228,276886.091778864,13123923,1625533.9,51990.6,1835818.4,231028.7,422316.3,22239.7,254470.1,10128.359466971,1608196.6,4196086.5,58187.6753525028,232818.6,842793.8,978762.799999999,243333.4,133438.8,742910.2,1094849,719373.600000001,281078.2,1034103.7,9840255,62484.5,295891,36926.3339772248,205379.4,1712792.9,187692.5,94124.9,77803.0165774692,39837.5,168674.9,31437.8,72477.3,33742.6,95241.8,72062.5000000001,3799618.5,479148.9,131601,87707416.0000001,3147375,504573.1,22622.8,17303.9,6605871,15991809,388310,25775994,340041.8,8453416.99999999,81578,8164569.49999999,95638007.9999999,9469.47941892847,144186,4288,90091.9999999999,39107.9,156271.6,7534.3,23552.5,26379.1,268480.4,590613.3,579375.1,37028.9,167204.7,4797.3,205143.2,491309.500000001,8008.3,54750,144643.1,104633.2,5348261.5,681297.800000001,2573341.5,105889.1,281781,49507,64527,1545364.1,1890483.6,7709552.49999999,39485,10319.1,36057.1,30118.8,4591256,1122844.8,427373503.999999,370867.3,13850544,22380.2,28555.7,29218.7,21757.8,81329.4,9846987,513706.400000001,441436.6,3134762.3,33794.6063545183,15628.7,693395.4,147251,1527095.4,471037.100000001,229240.3,116214,488539.2,1489989.37868207,1811887.1,106192.6,28718902,155995360,1393570.6,107410.7,57133.1,74864.4,68226,52589.9,68435,196837.3,32176,8787.5,162633.5,80458.4,22786.8,74244.9000000001,26076.3,97595,2507787.3,703121.899999999,16800.9,31105.3733305653,49122.9,2843332.3,6742946.49999999,399636.4,124370.3,49313.8,14753129,2339904,3147311.5,6849817.5,197828.6,25147.2,66964.8000000001,403736.3,223750.9,16780.3,6480.4,8963309.00000001,6211.7,26664.5,553467455.999999,950090.4,27690.4,57024,147823.8,10026.7,50031.9,7237009.5,548035.4,42960.8,1156964.6,184827.9,75583.5448841511,289439.6,131209.9,16985,150067.3,194020,6083468.00000001,10659.9459845999,27144298,63118.8,70857.6,473144.6,177294.5,66151.7000000001,201502.3,1479401,12647566,16258.9,53301,4053772.3,605562.599999999,48017.7,586021.4,304413.7,33449.8,264140,11682202,38705.5681847912,15481.8,98350.3,50536.9,397969,2781656.3,945919.1,3892558,149651.2,459089.1,2871.9112791729,7421539.00000001,170850.4,7069524,802218.599999999,217188.9,76455.2,6587789,14378.9,20004.1,16587.4,11047.8,283582.8,8008.5,80575.8,13845.7664565597
"TCGA.B6.A0X5",5588820.00000001,2164856.8,282261.8,69834,32306.9,575739.6,265984.4,18143.3,1406909.4,31054,61812,158240,15546.506637388,2728103.8,76079.9,167948.5,29665,4894676,41032.3,57249.6,310499.3,40429,10409021,251235.1,190395,121541.2,155628,14619.7,273304.2,287170.6,7656.4,86317.9999999999,3768213.5,219379.9,53535.6,9817.55877117051,138167.1,127641,962149.8,82763,399627.7,119879.9,812005.2,17968.1,155162.6,141436,34430.1209631913,872824.800000001,29733.6,43255,124634.7,515345.2,6797.72226546442,699792.9,198712.7,88276.9999999999,11619,376968,379632.9,21442.6,11511.6907285379,13502,17840.9,91390,7888.11629838665,38434,14331.7700805549,10620.5957805911,8817.1,198778,8458.80953783205,183420.9,655022.6,3085374,262833.5,20960.9,46682.2,3632028.3,328452.2,4989796.5,13467.6,42648.4,302523,8053313.99999999,82915.2,690759.1,235181,82035936,17992.8,13143.4723717892,73997,231159.3,4900.9,7390.4,178825.8,3579955.8,496384.8,66181455.9999999,140644,20442268,27222.2,11602.8,77583.9000000001,3326.1,1250518.9,218092.5,13252,1479618.5,249219.7,493350.3,44655.3,3978.7,19950.2526691839,2919453.8,5693.8880280284,79807,6014.47805016302,9905276.00000001,2477028.5,9696560,2864.7,369406,1339133.4,298158.1,86868.8000000001,11469898,228671.5,462820.109745667,9056332.99999999,2034027.8,121096.4,315802.9,673957.000000001,226863.3,5387.72932634484,241808.1,10175.3836336103,1760047,1691838.9,44147,395563.5,1022963,188788.9,466213.3,113555.4,321203.7,2991072.5,1303334,243428.3,516937.6,13402068,110590.7,1994782.6,89790.0000000001,386600,2034829,111305,593535.799999999,254521,20468.2,68228.2,29285,25083.6,21237.1,22411.8,18779,1296331,10634625,1145445.4,174020960,4935159.49999999,3079105.5,29707,29659.99024361,7930164.5,11542012,460474.6,18306172,132112.1,3184193.3,121214.76414695,1474045.4,147297648,19335.3270968409,362334.2,6154.25454204571,7399,32054.1,58257.7,5670.47010118109,8248.4734397953,17439.823263794,453343.6,677407.2,960965.699999999,63287.9,600394.8,4944.75721909742,724925.5,59106.6,11015.8,223757.7,127418.2,1445193.9,1714261.1,390923.8,1677897.6,1300236,450517,71039.7000000001,168385,1322678.3,348424.1,3406061,12263.4,18758.1964691152,8263.59999999999,31632.5,160714.3,104233.6,341549056,337086.9,6517955,15085.8171441968,10109.8,29935.3,6379.3,55494.8,4182813.5,131607.3,246957.1,3364152.3,127214.2,5320.14123577967,386568,31870.3,271931,589432.1,815850.899999999,255427,302062.3,316191,983435.599999999,753650.2,41308228,156950880,1318708.6,62939.2,25076.6,27830.9,15536.9,40349,47092,68552.6999999999,333387,47699,78357.2,20821.3,9094.00000000001,52094.4,13064.2,39580.2,582230,1746244.3,115313.4,31550.1109231941,122956.2,1334419.4,927854.3,347299.5,234876,137387.2,10286730,909806.100000001,4150146.3,813565.900000001,439243.3,51567.3,77271,462640.3,641264,49249.5,11787.4,4972285.5,2704.1,10313.3083958357,298516800,503726.3,81808.3,39145.6,191649.4,4426.8,26746.1,3099656.3,878966.400000001,26652.9,3077156,33846.8,142922.1,128050.2,222459.4,32237.4,116119.2,173130.8,17580768,25559,21390362,18813.8,38213.6,780502.3,275998.4,219603.8,660267.5,339844.2,9895893.00000001,4588.4,30822,858134.500000001,743278.000000001,566006.7,539067.6,525631,27028.7,780192,10182350,15047.1,14110.7372136382,28332,36115.2,656103.4,2111120.5,291034,2318103.5,180548.7,264374.8,2181.35144562662,2381552,89962.0000000001,4749058.5,530901.2,228069.7,39612.1,3540076.8,3131.8,8119.8,4906.6,3658.5,28973.1,9715.90000000001,174994.3,20818
"TCGA.B6.A0X7",1229140.6,1700301.8,347274.8,41394.6,32710.1,111390.3,75395.3555059482,40666.7,1465135.5,55002.8,67067.7,407212.5,26476,1605201,109521.9,170772.7,94848.0167534201,2681663.3,69166.5000000001,20446.6,82800.3,54256,2822783.8,189175.3,54781.9,118351.6,99492.9,46205.6,326517.9,295956.5,3087.39774518553,199828,659784.4,102555.8,15861.4,6231.04615177928,82647.6,927037.599999999,342373.5,18673,142948.8,38000.2,274426,17986.6,44955.5,21982.8,20539.0771828618,310226.4,16262.3,10371.1,62709.9817111936,360632.8,5324.8,237652,22243.2,148588,4033.2,378827,2620799,11150.9,2815.83854325317,5911,66508.4000000001,30326.3,21061,28293.5596114341,3615.16775308436,5019.7,10200.3,94592.0000000001,3086.59141151444,84253.0999999999,207759.7,38931,40096.7,11480.1,12727.2,5133180,55563.7,1967116.4,21964.3,20853.1,15501.5,1758795.5,4176.09998821714,710904.500000001,81452,32482612,18333.3,25730.7,263715.1,260310.8,22845.3,8005.89982284494,14393.4,3019168.5,1070295.6,7888780.49999999,201748.1,9352082,14544.3,17034.165940634,81656.6000000001,5044.7,5681346.99999999,70291.9,5620.2,1214898.4,650090.2,165168.1,149730.9,16367.1,34575.4,4553482,12355.4,65257.6,5965.93530620739,4752311.5,2117510,1921883.1,8373.9,548555,1932317,143025.7,2799,4263717,125691.5,107150.822217429,503420.7,230157,58052.4,84660.6,113822.6,103438.8,19692.4553622387,195689.9,2697.01242879514,838911.8,608837.9,37820.77027372,63987.3,186380.7,213218,76279.4,15654.4,202296.1,1183449.9,472183,24584,143394,3586642,12888.6,166236,55653,54455.1364037179,881483.699999999,35562.2,98708.6,116666.6,10128.3005277198,24750.8,23193.2,21074.2,10470.7,9053.6,72246.5,74698,10823496,581014.200000001,38634484,1430192.3,2639936,8240,14858.1803611415,3453788,1308409.6,176732,6741822.5,104538,5412317.5,26406.4480642805,5902137.5,14739921,17705.1,143274.8,8219.8,17792.5164197957,15846.4619549187,28038.5,5378.78151377735,36338.6,13287.5,476895.8,526958.3,120813.5,259250.2,548330.1,9855.5,559052.8,185778.6,68087.9999999999,752490.700000001,128131.5,78453.1000000001,569898.599999999,254189.6,1209929,59315.7,315673.1,13904.1,147140.6,167167.3,46813.3,2306915.5,37795.1,12372.4,13727.5203575248,14210.2,25156.2,62434.1,82658119.9999999,1094293.1,4785832.5,18402.8,13710.5,25360.6,3448.9,5939318.5,4746382,138162.2,308426.2,1130101.9,193029.1,10403.1,319433.4,104409.9,585999,88414.4,392548,31280,213730.5,82730.9999999999,896967.499999999,139299.4,5189823,64390128,1701096,110301.4,18187.8,21471,77337.6999999999,34603,108068.579644698,147257.7,440073.9,49284.8,37823.6,15110.7,8117.7,30537.2,14961.9623566537,28895.8,515358.7,431162.1,54993.2,16202.6,54235.4,1999224.3,1059140.5,153937.2,314320.2,60789.6,11514579,1392981.8,6962131.5,212151.8,128699.9,109655,230614.8,402304.7,347639.4,16217.4,10774.6,3945913,3261,10313.3083958357,250867968,521471.2,39900.9,22004.1,37759.3,6049.7366491552,83345.9999999999,3387306,627903.5,31211.1,96933,118884,65001,43070.3,59479,17691,83710.6000000001,30045,4385463.5,9087.59557604257,7881011.00000001,24924.3,22100,51413,81838.8999999999,92722.1000000001,207617.9,607783.8,9033097.99999999,7106.3,390381,739774.399999999,225154,127851.8,383080.9,240692.8,112444.5,172729.6,3273854,23313.5004022425,16602.5417542857,40884.8,22002.3,258855.1,1517976.6,168326.8,2164092.5,52274.4,9746.6,1736,410860.6,216424.2,1568722.3,472569.9,94722.8000000001,22052.1,2730680.3,3946.8,6314.5,6036.1,1480.8,10169.9,7383.19096349178,33191.3,9620.53816350288
"TCGA.B6.A1KF",12592842,1471448.9,188980.7,135872.3,149437.9,205501.5,49699.5,278289.8,170703,85546.7000000001,276612.6,267675,778881.299999999,1835975.6,924452.5,449191.9,630682.900000001,2382740.3,114820.5,58542.7,470424.8,143934.8,1265768.4,375514.7,282617.3,1300579.1,1536817.9,42790,344384,463879.8,19843.8,93363.2000000001,6267103,99373.4,65327.8,23630.9,43234.7,114471,2110518.5,25085010,854990.4,159670,202056.961743882,23088.3,151277.3,19562,53240.3826391378,543911.8,120468,57863.6,73712.1999999999,281917.7,16849.9,94904.3999999999,126192.3,822316.8,14434.2,351908.9,681039.400000001,18154.3,13391.5,14331.4,25644.8,182486.7,4710.5,115987.4,3534.3,20484,4100.2,638040.599999999,13219.8,338776.9,863513.800000001,149174.8,14686,55757.6,150139.1,1732954.3,64142.1,1190299.4,132320.7,100771.8,91724.4,4712573,36691.8,12871965,555388.3,319987584,340936.6,82232.4,162974,850904.3,12882.2,30876.7,107607.9,16829094,1400146.9,35969852,1419058.1,13711315,323420.1,169828.8,140131.6,5781.2,495285.9,547800.8,4136.7,1007482.6,1292173.3,981582.799999999,38669.7,4189,20180.9036751105,3982503.8,6073.5,92479.5,6690.39638313286,7255946,4175572.3,2546008.5,2273.3,4425816.5,2027012.8,186196.1,11977,11835722,251420.1,88689,25921030,3672935,94313.9999999999,1765719.4,270828,591397.1,11318.6579375219,168457,33897,16122285,27535894,40595,1645238,3635426.8,8254107.5,1424421,2026867.9,1945940.3,8340064.5,256667.6,245706.2,441569.6,9579408.99999999,36596.9,294080,64487.7917302099,570144.8,1175910,243231,208778,222873.8,125093.2,413718.2,72167.8999999999,165318.9,81746.6999999999,281914.3,33860,322977,9008102.00000001,299850,239790624,8696436,4267517,11236.6,18590.5990511712,5007742,6128626.99999999,710280.800000001,57539667.9999999,361738.8,4370856,309758,3492115.3,288413856,8076.11857342278,219738.4,6595.50500447582,62847,100030.7,923268.3,18702.7,62209.4,44261.5,621229.600000001,821102.399999999,799115.000000001,146603.4,403962,4184.72589095208,437963.3,205027,66863.3,183662.3,275117.7,41478.8,764440.8,719987.6,2316350,87496.6,796890.300000001,31105.3,172601,793640.1,38352.2,10724242,79882.6999999999,57662.6,238319.5,107767.4,331948.3,285346.7,533171584,392425.1,19878042,117654.8,136047.6,176599.3,35667.1,118296.3,17850354,2370382.5,666605.7,1743261.5,19296.6743562223,33500.2,4086430.3,223098.1,2902085.8,422019.447703805,487340,53188,545686.5,2835274.25933426,3288362.3,727558.7,22537260,221374640,2017368.9,254396.3,344548.6,65192.5,988450.900000001,50389.8,130205,139235.7,1569818.8,70776.7,134031.6,67318.3,35336.4,75399.5999999999,29234.4,155226.5,2300069.3,1678731.5,24368.8,27569.5,103354.6,11176917,324966.2,586281.8,364400.1,98794.3000000001,14007100,10290239,3381442,250450.1,597208.7,45444.6,67350.4999999999,305574.6,408099.4,68375.4,14861.8,14804332,56040.6,4888.7,292664896,228523.4,16439.9,113814,79228.9999999999,4979.7,322040.1,11693961,1317745.5,38208.8,3007577.3,212188.8,106780.040902316,405658.7,705088.700000001,119856,114171.9,293856.3,14488620,12363.0025734105,44846672,356036.8,137363.5,84720.0000000001,332837.8,58706.3,291479.5,1374361.9,15288881,88429.5999999999,267813.8,103391.3,1373511.5,329730.3,97066.7999999999,482638.1,38541.9,299810,19947284,217644,60485.3,155525.3,24838,473107,6189776,250037.5,7430719.49999999,136305.4,97447,2623.6,5034058,129039.5,6864543.5,1119798,524956.1,81847.7,9025198.00000001,23460,50381.9,35306.9,23131.8,127349.9,14796.7,103195.9,25378
